Target,Amount Granted,Balance,Loan Cycle,Age ,Gender ,Dependents,Home Length of Stay,Business Length of Stay,Home Ownership,Marital Status,Cashflow Entitlement, Collateral Amount ,CF to Loan,Loan Type_MICROFINANCE,Loan Type_MICROPLUSSME,Mode of Payment_OTHER,Mode of Payment_PDC,Mode of Payment_WALK-IN
1,300000,203715.49,18,40,1,1,12,12,1,1,839017.88,454000,2.8,1,0,0,1,0
1,300000,229145.08,12,59,0,0,15,15,1,0,1840189.9,300000,6.13,1,0,0,1,0
1,150000,77115.96,3,38,1,2,10,10,0,1,327239.52,380000,2.18,1,0,0,1,0
1,150000,58933.03,6,39,1,3,19,9,1,1,265297.42,212000,1.77,1,0,0,1,0
1,160000,160000,6,32,0,3,10,10,1,0,432869.63,110000,2.71,1,0,0,1,0
1,100000,64243.48,4,36,1,2,6,6,0,1,111616.58,150000,1.12,1,0,0,0,1
0,70000,11045.88,8,46,1,1,41,10,1,0,136107.93,100000,1.94,1,0,0,0,1
1,50000,46043.18,3,30,0,0,29,7,1,0,53127.76,35000,1.06,1,0,0,1,0
1,50000,21524.57,3,43,0,2,5,5,0,1,115615.45,70000,2.31,1,0,0,0,1
1,150000,93207.52,4,49,0,3,22,14,1,1,185903.32,150000,1.24,1,0,0,1,0
1,200000,200000,3,33,0,1,14,14,0,0,366399.82,390000,1.83,1,0,0,1,0
1,114394.29,114394.29,6,45,0,5,20,17,1,1,615790.62,1200000,5.38,1,0,0,0,1
1,300000,300000,6,34,1,2,10,5,0,1,365849.8,24050,1.22,1,0,0,1,0
1,160000,50523.8,6,55,0,6,10,20,1,1,589901.8,200000,3.69,1,0,0,1,0
1,91250.55,28814.59,6,43,0,4,12,18,1,1,390438.84,324000,4.28,1,0,0,0,1
1,300000,300000,7,45,1,2,6,16,1,1,722944.89,70000,2.41,1,0,0,1,0
1,150000,115082.51,3,25,1,1,25,5,0,0,261424.95,70325,1.74,1,0,0,1,0
1,300000,183491.2,4,37,0,2,33,10,1,1,935889.41,340000,3.12,1,0,0,1,0
0,166602.83,46195.66,3,25,1,1,10,14,1,0,451639.94,436000,2.71,1,0,0,0,1
1,300000,107916.9,3,48,1,3,22,10,1,1,329633.26,700000,1.1,1,0,0,1,0
1,100000,57314.69,5,57,0,0,22,10,1,0,324895.62,80000,3.25,1,0,0,0,1
1,120000,68344.6,6,48,0,2,16,15,0,1,599818.37,100000,5,1,0,0,1,0
1,300000,276259.11,3,40,1,3,35,3,1,1,434727.76,390000,1.45,1,0,0,1,0
1,120000,120000,13,33,1,3,30,6,1,1,223345.27,150000,1.86,1,0,0,0,1
0,100000,10650.98,3,44,0,3,10,5,1,1,248547.81,180000,2.49,1,0,0,1,0
1,300000,133320.55,4,43,0,3,40,5,1,0,604465.28,300000,2.01,1,0,0,1,0
1,100000,84099.8,1,56,1,1,45,3,1,1,125513.99,40000,1.26,1,0,0,1,0
0,50000,9896.28,1,36,0,0,5,9,0,1,58246.98,50000,1.16,1,0,0,0,1
0,150000,25901.41,5,40,0,1,15,10,1,0,293209.38,25000,1.95,1,0,0,1,0
1,200000,103761.12,4,48,0,4,35,35,1,0,418134.72,240000,2.09,1,0,0,1,0
1,70000,24227.42,3,34,1,2,34,26,1,0,160640.14,70325,2.29,1,0,0,1,0
1,150000,150000,2,34,0,2,26,5,0,1,271310.88,140000,1.81,1,0,0,1,0
1,100000,42360.35,4,50,0,1,5,9,1,1,163219.21,115450,1.63,1,0,0,1,0
1,150000,89543.61,2,38,0,4,15,6,1,1,498812.43,278000,3.33,1,0,0,1,0
1,300000,231178.52,4,29,1,2,28,4,1,1,475814.07,60000,1.59,1,0,0,1,0
1,300000,83816.41,6,35,1,1,20,15,0,1,537235.25,74000,1.79,1,0,0,0,1
1,150000,114572.56,2,32,1,2,26,25,1,1,423564.79,150000,2.82,1,0,0,1,0
1,200000,97299.48,6,45,0,1,11,4,1,0,257624.09,500000,1.29,1,0,0,1,0
1,250000,202427.87,5,35,0,2,34,6,1,0,523360.55,100000,2.09,1,0,0,1,0
1,70000,70000,2,44,0,2,24,16,1,1,111812.57,90000,1.6,1,0,0,1,0
1,100000,100000,3,49,0,3,25,25,0,1,197301.97,180000,1.97,1,0,0,1,0
1,125000,64850.65,3,39,1,1,38,4,1,0,262081.06,200000,2.1,1,0,0,1,0
1,300000,179087.18,8,36,1,4,13,13,1,1,456038.92,300000,1.52,1,0,0,1,0
1,50000,50000,4,46,1,2,22,8,1,0,56919.17,90000,1.14,1,0,0,1,0
1,200000,63154.75,7,28,0,2,22,30,1,0,340975.3,270000,1.7,1,0,0,1,0
1,70000,53280.49,1,37,1,3,15,4,1,1,144279.35,0,2.06,1,0,0,1,0
0,55765.96,33686.78,4,27,0,2,27,27,1,0,166891.78,150000,2.99,1,0,0,0,1
1,70000,57024.21,3,52,0,4,30,19,1,0,130626.17,35000,1.87,1,0,0,0,1
1,100000,94176.43,3,43,1,4,4,15,1,1,169474.07,160000,1.69,1,0,0,0,1
1,200000,200000,4,37,1,2,36,11,1,1,661940.18,265000,3.31,1,0,0,1,0
1,200000,64157.84,4,42,0,2,13,12,1,1,329297.99,275000,1.65,1,0,0,1,0
1,100000,100000,3,50,1,3,22,22,1,1,213110.09,100000,2.13,1,0,0,1,0
1,300000,231466.08,6,39,0,3,20,7,1,0,640842.72,440000,2.14,1,0,0,1,0
1,160000,71104.33,6,47,0,2,26,20,0,0,211260.49,150000,1.32,1,0,0,1,0
1,100000,59695.71,2,42,0,3,6,2,1,0,180395.17,150000,1.8,1,0,0,1,0
1,300000,242913.45,4,60,0,2,20,20,1,1,467470.33,480000,1.56,1,0,0,1,0
1,100000,95429.37,6,31,0,3,8,4,1,1,170582.06,105200,1.71,1,0,0,0,1
1,100000,58090.35,3,58,1,2,30,4,1,0,189815.54,141600,1.9,1,0,0,0,1
1,200000,97299.48,10,33,1,1,8,11,0,1,466261.12,250000,2.33,1,0,0,1,0
1,88487.14,62700.18,6,58,0,1,6,12,1,1,627657.24,150000,7.09,1,0,0,0,1
0,250000,89753.86,3,48,1,4,8,9,1,1,601046.06,300000,2.4,1,0,0,1,0
1,170000,46257.68,4,42,1,3,10,10,1,1,266182.7,300000,1.57,1,0,0,0,1
1,100000,81463.16,1,45,0,2,11,19,1,1,115671.82,140000,1.16,1,0,0,0,1
0,70000,29125.85,3,32,0,2,3,11,0,1,112279.64,70325,1.6,1,0,0,0,1
0,100000,60161.72,1,40,1,5,15,15,0,1,154257.41,93300,1.54,1,0,0,0,1
1,60000,60000,2,57,1,0,22,17,1,1,83287.88,99000,1.39,1,0,0,0,1
1,250000,212117.67,10,34,0,2,33,10,1,0,458536.41,300000,1.83,1,0,0,1,0
1,300000,133320.55,5,55,1,2,8,8,1,0,480472.3,350000,1.6,1,0,0,1,0
1,150000,114572.56,4,41,0,5,40,16,1,1,270176.92,212000,1.8,1,0,0,0,1
1,300000,300000,13,54,0,4,33,33,1,0,1119643.51,140000,3.73,1,0,0,1,0
1,250000,121624.27,5,33,0,4,6,11,1,1,427197.77,250000,1.71,1,0,0,1,0
1,60000,40743.09,4,38,0,2,10,3,1,1,100982.72,50000,1.68,1,0,0,1,0
1,150000,66660.29,3,47,1,3,6,5,0,1,274078.69,187700,1.83,1,0,0,1,0
0,100000,59349.6,1,40,0,2,22,6,1,1,228895.84,50000,2.29,1,0,0,1,0
0,100000,39029.05,2,32,0,2,31,3,1,0,178450.7,88000,1.78,1,0,0,1,0
1,150000,114572.56,3,52,0,4,2,25,1,0,255051.74,300000,1.7,1,0,0,0,1
1,300000,203715.49,7,47,0,2,14,10,1,1,929945.73,300000,3.1,1,0,0,1,0
1,100000,100000,1,34,1,2,11,11,1,1,194279.17,260000,1.94,1,0,0,0,1
1,200000,105860.57,3,38,0,4,5,10,1,1,274948.95,220000,1.37,1,0,0,1,0
1,200000,128487.04,4,59,0,1,17,15,1,1,545736.79,20000,2.73,1,0,0,1,0
1,100000,76381.68,1,43,0,2,23,6,0,0,457341.68,70325,4.57,1,0,0,1,0
1,300000,300000,7,37,1,2,8,8,0,0,379329.02,355000,1.26,1,0,0,1,0
1,160000,104171.12,2,34,1,2,9,9,1,1,1275967.66,150000,7.97,1,0,0,1,0
1,60000,27368.1,8,43,0,1,33,26,0,0,125716.8,100000,2.1,1,0,0,1,0
1,50000,46043.18,2,47,1,1,3,4,0,1,100726.98,70325,2.01,1,0,0,1,0
1,50000,50000,6,44,0,4,22,12,1,1,95927.46,50000,1.92,1,0,0,1,0
1,150000,150000,2,27,0,0,25,9,1,0,185748.27,156000,1.24,1,0,0,1,0
1,200000,134214.41,4,53,0,2,5,7,0,0,392289.96,80000,1.96,1,0,0,1,0
1,300000,145949.17,19,42,0,1,18,18,1,0,571285.39,230000,1.9,1,0,0,1,0
1,300000,133320.55,5,51,0,1,10,10,1,0,642652.62,320000,2.14,1,0,0,1,0
0,74238.02,67340.36,7,48,0,4,5,23,0,0,359586.74,112000,4.84,1,0,0,0,1
1,100000,81463.16,7,39,0,3,22,8,1,0,154167.43,70325,1.54,1,0,0,0,1
1,250000,173094.32,4,39,0,3,7,5,0,1,358710.51,278000,1.43,1,0,0,1,0
1,250000,238573.42,11,45,0,6,16,16,0,1,340998.61,250000,1.36,1,0,0,1,0
1,220000,158455.92,3,33,0,2,6,6,1,1,366338.2,500000,1.67,1,0,0,1,0
0,80000,31771.08,4,36,0,2,22,10,1,1,481513.82,70325,6.02,1,0,0,1,0
1,150000,114572.56,1,50,0,1,15,12,1,1,358342,150000,2.39,1,0,0,1,0
1,230000,131823.78,5,44,0,2,23,9,1,1,285220.5,278000,1.24,1,0,0,1,0
1,100000,70340.42,6,33,1,2,9,3,1,0,195052.19,150000,1.95,1,0,0,1,0
0,26500.3,26500.3,2,33,0,2,4,3,0,0,108204.85,75000,4.08,1,0,0,0,1
1,100000,69127.71,4,40,1,0,38,12,1,1,124617.62,300000,1.25,1,0,0,0,1
0,50000,1896.39,2,26,0,1,3,4,0,0,153047.17,70325,2.240982058545798,1,0,0,0,1
0,150000,43807.19,6,44,1,0,33,21,1,1,393462.25,180000,2.62,1,0,0,0,1
0,50000,27014.46,3,28,1,1,22,3,1,1,64838.41,52000,1.3,1,0,0,0,1
1,24312.58,10648.11,9,37,0,3,10,6,1,1,347877.28,250000,14.31,1,0,0,0,1
0,56597.52,54593.68,3,40,0,0,10,7,1,0,365274.28,180000,6.45,1,0,0,0,1
1,75000,34210.08,10,34,1,4,15,5,0,0,172311.43,70325,2.3,1,0,0,0,1
0,28310.31,19216.96,1,43,0,3,14,14,1,1,110542.37,140000,3.9,1,0,0,0,1
0,40000,13129.32,2,56,0,0,8,7,1,1,85326.42,100000,2.13,1,0,0,0,1
0,47645.24,41763.13,4,31,0,1,5,5,1,1,136205.63,70325,2.86,1,0,0,0,1
1,300000,108411.95,14,35,1,4,13,13,1,1,580284.02,200000,1.93,1,0,0,1,0
0,80000,35220.84,1,31,0,1,10,5,0,1,153047.17,70325,2.240982058545798,1,0,0,0,1
0,19473.5,13692.74,1,59,0,2,5,5,1,1,63772.02,70325,3.27,1,0,0,0,1
1,40000,40000,5,49,0,1,7,5,1,0,81684.76,30000,2.04,1,0,0,0,1
1,51589.63,47691.18,4,36,1,1,9,3,1,1,162618.62,65000,3.15,1,0,0,0,1
0,50894.66,50894.66,3,50,0,1,4,3,1,1,161217.14,57000,3.17,1,0,0,0,1
0,100000,13946.67,2,41,0,0,3,3,0,0,383740.71,100000,3.84,1,0,0,1,0
1,100000,48649.68,3,44,0,3,18,5,1,1,168390.66,64500,1.68,1,0,0,0,1
0,21303.16,7009.89,2,54,0,2,25,20,0,1,113373.7,15000,5.32,1,0,0,0,1
1,170000,170000,4,37,0,2,36,10,1,1,419997.14,300000,2.47,1,0,0,1,0
0,150000,47891.26,3,45,0,2,18,18,1,1,348658.98,150000,2.32,1,0,0,1,0
1,140000,118785.89,5,36,1,1,5,5,0,1,318724.9,172000,2.28,1,0,0,1,0
0,31357.08,25857.08,2,40,0,2,9,4,0,0,82750.32,70325,2.64,1,0,0,1,0
1,60000,42204.27,4,31,0,3,15,14,0,1,76912.7,100000,1.28,1,0,0,1,0
1,70000,18411.59,2,44,1,3,18,5,1,1,110397.49,200000,1.58,1,0,0,1,0
0,59887.56,45287.56,1,35,0,3,34,5,1,0,180501.21,360000,3.01,1,0,0,0,1
1,80000,21468.49,6,54,1,0,9,8,0,0,147606.47,0,1.85,1,0,0,1,0
1,84589,71771.3,5,41,1,2,13,7,1,1,441285.03,70325,5.22,1,0,0,1,0
0,50921.35,21662.16,5,42,0,1,13,10,1,1,309367.18,281666.67,6.08,1,0,0,0,1
1,50000,50000,1,37,0,1,5,2,0,0,65062.26,50000,1.3,1,0,0,1,0
1,100000,35972.26,4,32,0,4,13,7,1,1,182415.79,100000,1.82,1,0,0,1,0
1,100000,100000,1,46,0,5,15,5,1,1,294851.01,280000,2.95,1,0,0,1,0
1,160000,160000,6,35,0,2,8,14,1,1,651997.51,70325,4.07,1,0,0,1,0
1,72696.02,12510.88,2,49,0,4,27,10,1,1,333470.63,180000,4.59,1,0,0,0,1
1,250000,49905.59,11,56,0,0,14,14,0,1,456637.48,85000,1.83,1,0,0,1,0
1,80000,4632.57,6,35,1,0,11,5,0,0,140478.58,200000,1.76,1,0,0,0,1
1,200000,181633.21,6,43,0,3,16,8,1,0,321849,296000,1.61,1,0,0,1,0
1,62932.6,14444.95,2,44,0,2,10,20,1,0,128433,95833,2.04,1,0,0,0,1
0,120000,13885.2,3,38,0,3,14,3,1,1,237797.9,204000,1.98,1,0,0,1,0
0,47950.84,19519.98,2,31,1,2,4,4,1,1,99176.67,70325,2.07,1,0,0,0,1
0,161185.36,151884.83,7,42,0,2,12,13,1,1,525972.29,135000,3.26,1,0,0,0,1
1,100000,22665.99,8,56,0,2,28,21,1,0,185203,70325,1.85,1,0,0,0,1
0,30098.66,21231.98,2,55,0,1,55,30,1,0,92098.62,24000,3.06,1,0,0,0,1
1,100000,65106.91,7,43,1,3,18,12,1,1,168738.03,45000,1.69,1,0,0,0,1
1,150000,58933.03,9,57,0,4,17,6,1,1,254973.89,280000,1.7,1,0,0,0,1
0,80628.98,80628.98,2,44,0,1,13,6,1,1,189933,121333,2.36,1,0,0,0,1
0,91404.88,31728.96,3,44,0,2,10,5,1,1,153047.17,70325,2.240982058545798,1,0,0,1,0
1,300000,107916.9,5,40,0,0,5,20,1,0,378583.92,100000,1.26,1,0,0,1,0
1,150000,53958.46,2,47,0,3,6,18,1,1,228549.07,180000,1.52,1,0,0,1,0
1,70000,26830.56,3,47,1,3,18,20,0,1,141983.17,60000,2.03,1,0,0,0,1
0,25852.95,12860.7,2,53,0,2,53,18,1,1,213750,70325,8.27,1,0,0,0,1
1,80000,48839.28,6,32,0,2,10,9,1,1,157402.36,70325,1.97,1,0,0,0,1
0,24320.81,20882.58,1,52,0,1,11,15,0,0,52257.49,70325,2.15,1,0,0,0,1
1,163155,163155,7,44,1,2,17,11,1,0,278026.85,500000,1.7,1,0,0,1,0
0,130911.48,116148.69,1,27,1,3,3,5,1,1,352003.13,120000,2.69,1,0,0,1,0
1,80000,80000,4,44,0,0,5,5,0,0,255401.21,63000,3.19,1,0,0,1,0
0,50000,21504.2,2,57,0,2,6,16,1,1,84925.97,40000,1.7,1,0,0,0,1
1,150000,115733.04,5,45,0,2,7,7,1,0,320119,70000,2.13,1,0,0,1,0
1,250000,100479.58,6,38,0,1,12,8,1,1,386759.5,170000,1.55,1,0,0,1,0
1,80000,54324.12,4,58,1,4,6,6,1,1,91870,144000,1.15,1,0,0,1,0
1,120000,81486.22,5,36,1,2,5,5,1,0,211352,275000,1.76,1,0,0,1,0
0,82014.56,82014.56,2,51,1,4,23,2,1,1,465409,100000,5.67,1,0,0,1,0
1,200000,122327.49,6,35,0,0,8,6,1,0,261593,250000,1.31,1,0,0,0,1
0,138915.55,107930.55,6,37,0,2,12,19,0,1,290090,280000,2.09,1,0,0,0,1
1,80000,44566.79,4,36,1,3,8,8,1,1,159945,34500,2,1,0,0,0,1
0,31652.25,14955.99,1,40,0,5,21,15,1,1,283503.24,120000,8.96,1,0,0,1,0
1,130000,74509.1,4,33,0,3,4,4,1,1,196563.88,21666.67,1.51,1,0,0,1,0
1,150000,150000,1,30,0,1,3,4,1,1,153047.17,70325,2.240982058545798,1,0,0,1,0
1,300000,186700.22,11,44,0,1,10,12,1,0,637849.88,350000,2.13,1,0,0,1,0
1,80000,61105.34,3,45,0,2,9,9,1,0,110470.81,250833.33,1.38,1,0,0,1,0
0,50000,7540.45,1,33,0,3,6,2,0,0,56975.86,45000,1.14,1,0,0,1,0
1,100000,82718.61,2,45,0,1,4,4,0,1,155841.34,30000,1.56,1,0,0,1,0
0,60000,18438.74,2,36,0,3,4,3,0,0,281170.25,69750.04,4.69,1,0,0,1,0
0,39124.12,39124.12,1,25,1,3,10,2,0,0,235024.59,195000,6.01,1,0,0,1,0
0,70000,61763.57,1,27,1,1,3,4,0,0,153047.17,70325,2.240982058545798,1,0,0,0,1
0,42034.37,32515.79,1,36,0,4,5,8,1,1,193355.91,273833.33,4.6,1,0,0,1,0
1,120000,16081.24,2,48,1,3,3,3,1,1,368302.41,84000,3.07,1,0,0,1,0
0,50000,13538.44,1,39,0,4,19,5,0,1,274365.2,150000,5.49,1,0,0,1,0
1,150000,85430.74,5,46,1,1,30,6,1,0,186415.65,464556.39,1.24,1,0,0,1,0
0,96901.6,57771.77,1,38,0,1,12,5,0,0,160673.4,270750,1.66,1,0,0,1,0
1,150000,127379.47,3,32,1,0,31,11,0,0,501147.94,186000,3.34,1,0,0,1,0
1,130000,114840.34,2,46,0,1,1.5,9,0,0,999535.75,115800,7.69,1,0,0,1,0
1,162822.85,157454.34,3,55,0,3,28,10,1,0,452051.74,100000,2.78,1,0,0,1,0
1,60000,50908.23,2,31,1,1,4,7,0,1,126535.9,44000,2.11,1,0,0,0,1
1,130000,105993.21,5,38,1,3,10,9,0,1,805212.61,140000,6.19,1,0,0,1,0
1,80000,67935.71,3,51,0,2,50,11,1,1,266085.69,50000,3.33,1,0,0,1,0
1,100000,35946.71,2,39,0,4,9,3,0,1,504232.82,190000,5.04,1,0,0,1,0
0,50000,38179.44,2,44,0,0,5,3,0,0,117201.67,70325,2.34,1,0,0,1,0
1,120000,74680.09,4,53,0,2,21,21,0,0,307407.65,30000,2.56,1,0,0,0,1
0,120000,32543.33,3,48,0,2,25,2,0,1,318260.95,50000,2.65,1,0,0,0,1
1,150000,114572.56,7,44,0,0,23,11,1,0,293927.46,70325,1.96,1,0,0,0,1
1,150000,93350.12,6,48,0,3,20,20,1,1,314432.66,90000,2.1,1,0,0,1,0
1,300000,231178.52,23,60,0,2,8,7,1,1,567420.78,318000,1.89,1,0,0,1,0
1,100000,62233.41,15,52,1,3,11,5,0,1,242022.96,225000,2.42,1,0,0,0,1
1,80000,25261.92,18,45,0,3,12,8,0,1,116880.65,70325,1.46,1,0,0,0,1
1,100000,35972.26,3,35,1,2,19,9,1,1,328727.07,72650,3.29,1,0,0,1,0
1,150000,51968,3,59,0,2,30,16,1,1,386364.01,100000,2.58,1,0,0,0,1
1,40000,17219.65,32,58,0,0,12,6,0,0,110285.42,32000,2.76,1,0,0,0,1
0,120000,8082.76,2,43,0,0,6,6,0,0,273254.65,105416.67,2.28,1,0,0,1,0
1,120000,120000,9,38,0,2,12,12,0,1,165358.11,50000,1.38,1,0,0,1,0
1,50000,33952.57,7,39,0,3,15,5,0,0,125017.29,80000,2.5,1,0,0,0,1
1,150000,78525.98,4,44,0,2,14,15,0,1,326379.96,223000,2.18,1,0,0,1,0
1,50000,46043.18,4,50,0,3,30,14,1,0,65913.95,70325,1.32,1,0,0,0,1
1,300000,155864.24,12,58,0,2,25,3,1,1,415165.51,300000,1.38,1,0,0,1,0
1,100000,69127.71,2,36,0,0,14,14,0,0,512472.17,252000,5.12,1,0,0,0,1
1,120000,82953.3,4,40,1,3,14,15,0,0,251499.51,100000,2.1,1,0,0,0,1
1,100000,51880.51,21,56,0,4,54,12,1,1,153793.02,32000,1.54,1,0,0,0,1
1,100000,61049.05,6,29,1,0,8,4,0,0,349752.11,167500,3.5,1,0,0,1,0
1,100000,76381.68,12,40,0,1,25,3,1,0,197181.44,44500,1.97,1,0,0,0,1
1,50000,46043.18,3,41,0,4,12,18,1,1,71265.67,200000,1.43,1,0,0,0,1
1,70000,57024.21,5,64,0,0,18,18,0,1,84972.19,70325,1.21,1,0,0,0,1
1,150000,127379.47,1,46,0,1,46,19,1,0,404958.09,500000,2.7,1,0,0,1,0
1,300000,300000,22,34,1,0,24,12,1,0,566007.23,170000,1.89,1,0,0,0,1
1,150000,79231.24,2,48,0,2,6,12,1,1,274714.63,204000,1.83,1,0,0,0,1
0,50000,17560.74,1,37,0,4,15,10,1,1,80240.08,70000,1.6,1,0,0,0,1
0,18106.94,14909.04,2,49,0,1,6,8,0,1,135532.36,60000,7.49,1,0,0,1,0
0,50000,23346.12,2,59,1,1,22,10,1,1,125769.49,70325,2.52,1,0,0,1,0
1,50000,40731.57,3,42,1,6,3,3,1,1,194887.27,89000,3.9,1,0,0,1,0
1,200000,200000,3,56,1,2,6,33,0,1,213984.18,204000,1.07,1,0,0,1,0
1,80000,41178.55,3,46,0,4,3,3,0,1,181920.78,120000,2.27,1,0,0,1,0
1,150000,97660.42,4,32,1,1,31,15,1,0,185065.49,70325,1.23,1,0,0,1,0
1,80000,80000,17,61,0,1,26,22,1,1,91056.1,70325,1.14,1,0,0,1,0
1,100000,70312.64,7,43,0,4,17,16,1,1,194258.03,60000,1.94,1,0,0,0,1
1,50000,50000,7,34,1,2,19,4,1,1,105626.69,57000,2.11,1,0,0,0,1
1,100000,70340.42,5,41,0,2,10,2,1,1,422586.15,148991,4.23,1,0,0,0,1
0,250000,173907.33,2,32,1,3,31,4,0,1,483422.31,2750000,1.93,1,0,0,1,0
1,100000,31829.37,9,53,0,1,5,5,1,0,140441.75,70325,1.4,1,0,0,1,0
0,50000,33522.17,1,32,0,2,29,4,1,1,349980.31,401000,7,1,0,0,1,0
1,150000,114572.56,14,33,1,3,12,7,0,1,160862.82,80000,1.07,1,0,1,0,0
1,100000,51880.51,16,61,0,0,13,23,0,0,115208.26,70325,1.15,1,0,0,1,0
1,50000,24324.89,2,32,0,3,16,7,0,1,59699.24,34500,1.19,1,0,0,0,1
1,50000,40731.57,1,33,0,2,3,4,0,0,183618.19,100000,3.67,1,0,0,1,0
1,100000,34610.61,2,28,0,3,10,3,1,1,194040.23,216000,1.94,1,0,0,1,0
0,60000,11271.05,2,54,0,3,12,7,1,1,84006.68,59500,1.4,1,0,0,1,0
0,22009.01,9514.53,14,41,0,3,40,4,1,1,325203.46,150000,14.78,1,0,0,1,0
1,200000,97299.48,11,41,0,1,12,12,1,1,512765.33,300000,2.56,1,0,0,0,1
0,74093.53,36554.12,2,35,0,0,11,3,0,0,249509.25,70325,3.37,1,0,0,1,0
0,50000,8090.53,2,30,1,1,27,10,1,0,99869.6,42467,2,1,0,0,1,0
1,130000,130000,14,41,0,3,40,4,1,1,325203.46,150000,2.5,1,0,0,1,0
1,200000,71944.64,5,37,0,3,4,3,0,1,384053.71,103000,1.92,1,0,0,1,0
1,200000,140680.9,20,62,0,2,16,31,1,1,300665.05,150000,1.5,1,0,0,1,0
1,300000,183491.2,10,36,1,2,3,3,0,1,467333.23,416000,1.56,1,0,0,1,0
1,136240.46,104986.23,5,41,0,2,23,4,1,1,305206.95,120000,2.24,1,0,0,1,0
1,70000,34054.78,9,52,0,1,24,8,1,1,155257.78,70000,2.22,1,0,0,0,1
1,50000,50000,10,51,0,1,25,20,0,0,66785.31,50000,1.34,1,0,0,1,0
1,100000,27210.4,10,64,1,2,13,7,0,1,317993.96,70325,3.18,1,0,0,1,0
1,100000,59695.71,4,41,1,2,3,3,1,0,202456.43,70325,2.02,1,0,0,0,1
0,7839.06,7602.85,2,40,1,4,24,3,0,1,306905.23,70325,2.06,1,0,0,0,1
1,150000,49341.74,6,46,1,5,46,5,0,1,210646.89,35000,1.4,1,0,0,0,1
1,100000,32032.69,3,46,0,2,5,5,1,1,233436.83,99000,2.33,1,0,0,1,0
1,300000,203715.49,8,62,1,2,6,6,0,0,342175.68,250000,1.14,1,0,0,1,0
0,76907.79,72953.88,1,29,1,1,3,3,1,1,344450.69,110000,4.48,1,0,0,1,0
0,78684.18,56724.3,3,46,0,2,28,8,1,1,314571.36,210000,4,1,0,0,1,0
1,300000,300000,11,48,0,1,13,6,1,1,377037.71,106350,1.26,1,0,0,0,1
1,130000,130000,11,38,0,0,8,8,1,0,680440.77,69000,5.23,1,0,0,1,0
1,120000,37892.85,3,37,0,2,29,5,1,1,291650.26,399000,2.43,1,0,0,1,0
1,50000,50000,2,58,1,1,1,20,0,1,284601.04,70325,5.69,1,0,0,1,0
0,80000,29423.03,1,45,1,1,15,12,1,1,403555.65,70325,5.04,1,0,0,1,0
0,150000,16207.95,8,33,0,4,27,8,1,0,900225.34,200000,6,1,0,0,0,1
0,50000,25797.26,1,44,0,3,2,2,0,1,69961.49,70325,1.4,1,0,0,1,0
1,300000,145949.17,7,44,0,0,16,9,1,1,1456329.89,1000000,4.85,1,0,0,1,0
1,150000,72974.6,3,53,0,2,20,16,1,0,303152.86,203000,2.02,1,0,0,0,1
0,43376.98,30773.05,2,43,0,3,20,14,1,0,136639.48,70325,3.15,1,0,0,0,1
1,100000,77059.49,4,48,0,3,29,9,1,1,213660.87,50000,2.14,1,0,0,0,1
1,200000,103761.12,18,44,1,0,5,5,1,0,841259.18,150000,4.21,1,0,0,0,1
1,300000,136840.42,17,60,1,4,18,16,1,1,454634.2,250000,1.52,1,0,0,1,0
0,37971.94,27891.61,8,44,0,2,15,17,0,1,117174.99,166666.67,3.09,1,0,0,0,1
1,300000,288791.22,17,39,0,0,7,7,1,0,627264.35,500000,2.09,1,0,0,1,0
0,32283.88,18342.08,3,48,0,3,18,8,1,1,109471.5,60000,3.39,1,0,0,1,0
1,230000,154346.56,6,42,1,2,10,2,1,1,378350.04,100000,1.65,1,0,0,1,0
1,80000,51394.79,8,38,0,4,4,5,0,1,187560.29,117000,2.34,1,0,0,0,1
1,100000,81533.22,1,43,1,3,15,15,0,1,116764.09,200000,1.17,1,0,0,0,1
1,100000,32905.47,5,55,0,3,3,3,0,1,341422.74,120000,3.41,1,0,0,0,1
1,150000,89543.61,14,47,0,2,17,17,1,1,210853.22,286166.67,1.41,1,0,0,0,1
1,100000,34610.61,2,29,0,0,4,5,0,0,302011.33,351000,3.02,1,0,0,1,0
1,100000,77059.49,3,49,1,2,15,15,1,1,208289.16,53066.67,2.08,1,0,0,0,1
1,60000,30846.37,7,55,0,3,14,13,1,1,110496.52,50000,1.84,1,0,0,0,1
1,60000,20766.37,8,41,1,1,10,5,1,0,79317.61,50000,1.32,1,0,0,0,1
1,45847.84,14438.17,1,29,1,1,3,5,1,1,153047.17,70325,2.240982058545798,1,0,0,0,1
0,33792.49,12505.42,5,39,1,4,8,8,0,1,172429.59,28800,5.1,1,0,0,0,1
1,126882.36,97774.9,11,36,0,2,4,6,0,0,496067.27,230000,3.91,1,0,0,1,0
1,300000,207383.2,4,48,0,2,20,4,1,0,367859.37,200000,1.23,1,0,0,1,0
1,60000,60000,14,47,0,3,24,24,1,1,79602.87,70000,1.33,1,0,0,0,1
1,100000,37182.29,20,46,1,1,12,12,1,0,416928.27,300000,4.17,1,0,0,0,1
1,300000,133320.55,24,61,0,2,34,20,1,1,310611.57,70325,1.04,1,0,0,0,1
1,300000,203715.49,25,56,0,0,34,18,1,0,383566.61,200000,1.28,1,0,0,1,0
1,100000,19962.18,11,57,1,2,30,4,1,1,154081.67,70325,1.54,1,0,0,0,1
1,80000,56272.34,5,50,0,4,18,10,1,1,148194.88,22500,1.85,1,0,0,0,1
1,100000,39288.6,9,43,1,1,15,15,0,1,481263.28,70325,4.81,1,0,0,1,0
1,50000,33952.57,11,57,0,1,9,8,0,1,0,0,2.240982058545798,1,0,0,1,0
1,50000,50000,2,44,1,3,35,3,1,1,105895.23,125000,2.12,1,0,0,0,1
1,300000,174271.14,17,64,0,3,17,35,1,0,373811.4,245000,1.25,1,0,0,1,0
1,200000,136772.31,17,51,0,0,9,4,0,0,308049.46,80000,1.54,1,0,0,0,1
1,100000,69127.71,11,40,0,1,8,13,1,0,937640.08,30333.33,9.38,1,0,0,0,1
1,60000,27368.1,3,47,1,3,9,8,0,1,209306.81,142500,3.49,1,0,0,0,1
1,70000,53227.73,1,47,0,2,10,10,0,0,195716.75,93200,2.8,1,0,0,1,0
1,150000,61826.71,2,37,1,1,9,2,1,1,224570.85,220000,1.5,1,0,0,1,0
1,70000,47533.6,20,48,0,3,11,6,0,0,213202.62,40000,3.05,1,0,0,0,1
0,150000,87074.87,1,28,0,1,3,5,0,1,153047.17,70325,2.240982058545798,1,0,0,0,1
0,39426.54,22524.53,12,29,0,1,3,3,0,1,153047.17,70325,2.240982058545798,1,0,0,0,1
1,150000,144395.61,30,61,0,1,35,30,1,1,192867.21,30000,1.29,1,0,0,0,1
1,100000,67905.15,3,42,0,1,20,16,1,1,165178.36,100000,1.65,1,0,0,1,0
1,150000,72974.6,14,37,1,0,11,7,0,0,344869.04,70325,2.3,1,0,0,1,0
1,300000,236274.22,1,28,1,2,3,3,0,0,153047.17,70325,2.240982058545798,0,1,0,1,0
1,30000,8050.71,4,40,1,3,20,14,1,0,96415.1,40000,3.21,1,0,0,0,1
1,100000,62233.41,14,53,0,4,14,13,1,1,360816.25,250000,3.61,1,0,0,0,1
1,130000,35373.5,10,44,0,5,10,10,0,1,107854.2,90000,0.83,1,0,0,1,0
1,120000,51648.66,10,40,0,0,22,9,1,1,139676.8,70325,1.16,1,0,0,0,1
1,100000,70340.42,1,47,0,1,15,15,0,1,43563.63,300000,0.44,1,0,0,0,1
0,100000,48018.41,1,30,1,1,3,2,1,1,344450.69,110000,3.44,1,0,0,1,0
1,150000,24446.05,7,30,1,3,9,9,1,0,331932.32,148551.67,2.21,1,0,0,1,0
1,300000,300000,21,48,0,2,21,29,1,1,343238.24,340000,1.14,1,0,0,1,0
1,150000,48049.06,3,40,0,3,21,17,1,1,398168.15,200000,2.65,1,0,0,1,0
1,280000,63849.22,17,41,0,0,25,11,0,0,417578.38,60000,1.49,1,0,0,1,0
1,200000,153443.34,4,48,1,2,15,8,1,1,258187.09,292500,1.29,1,0,0,1,0
1,300000,219335.44,19,54,0,4,30,17,1,1,820625.82,300000,2.74,1,0,0,0,1
0,50000,6658.69,5,30,1,2,3,3,0,1,153047.17,70325,2.240982058545798,1,0,0,0,1
1,300000,207713.2,11,45,0,4,26,5,1,1,481904.15,217000,1.61,1,0,1,0,0
1,80000,67877.65,1,57,0,2,30,30,1,1,112540.02,30000,1.41,1,0,0,1,0
0,100000,84088.43,1,31,1,2,3,3,0,0,153047.17,70325,2.240982058545798,1,0,0,0,1
1,200000,63154.75,21,52,0,4,16,16,1,1,386124.76,235000,1.93,1,0,0,1,0
1,80187.6,31027.3,2,47,0,3,3,11,1,1,358084.98,300000,4.47,1,0,0,1,0
1,50000,24324.89,2,51,0,3,15,10,1,1,114216.77,28600,2.28,1,0,0,0,1
0,50000,32327.96,2,52,0,2,11,4,1,1,86266.22,16700,1.73,1,0,0,0,1
1,200000,122098.18,25,54,0,0,13,13,0,0,628288.14,300000,3.14,1,0,0,1,0
1,80000,36490.76,4,60,1,0,7,7,0,1,98409.3,70325,1.23,1,0,0,1,0
1,150000,55773.46,5,31,0,0,2,4,0,1,220623.13,12000,1.47,1,0,0,0,1
1,100000,62233.41,14,54,0,0,15,8,1,0,143337.12,30000,1.43,1,0,0,1,0
1,150000,150000,3,45,0,3,10,15,1,1,188749.49,190000,1.26,1,0,0,1,0
1,60000,60000,4,46,1,2,6,4,0,0,67863.84,50000,1.13,1,0,0,0,1
1,80000,36490.76,5,56,0,1,3,5,0,1,108251.05,80950,1.35,1,0,0,0,1
1,50000,38190.84,4,33,0,2,7,5,1,0,70893.63,20000,1.42,1,0,0,1,0
1,50000,33952.57,12,36,0,0,20,6,1,0,65000,50000,1.3,1,0,0,1,0
1,100000,31577.29,6,39,0,2,8,6,1,1,157382.2,73333,1.57,1,0,0,1,0
1,150000,101857.76,6,40,1,4,31,8,1,1,176844.17,70325,1.18,1,0,0,1,0
1,250000,155583.54,6,55,1,1,30,15,1,0,335283,335650,1.34,1,0,0,1,0
1,100000,67905.15,3,25,0,0,24,3,1,0,174875.99,70325,1.75,1,0,0,1,0
1,100000,67905.15,2,34,0,1,11,4,1,1,160020,93000,1.6,1,0,0,0,1
1,100000,34610.61,1,32,0,0,20,3,1,0,167928.03,393333,1.68,1,0,0,1,0
1,170000,170000,3,32,1,0,20,10,0,0,204633.72,100000,1.2,1,0,0,1,0
1,150000,77820.87,9,53,0,4,20,17,1,0,212424.38,100000,1.42,1,0,0,1,0
1,150000,127270.62,13,59,0,0,48,5,1,1,181319.42,142200,1.21,1,0,0,0,1
1,200000,103761.12,5,61,0,0,19,31,1,0,393671.87,310000,1.97,1,0,0,1,0
0,47565.76,43808.57,5,32,1,1,3,3,0,1,153047.17,70325,2.240982058545798,1,0,0,0,1
1,150000,101857.76,6,49,0,3,11,5,1,1,103036.34,100000,0.69,1,0,0,1,0
1,160000,160000,8,57,0,1,33,8,1,0,186861.99,70325,1.17,1,0,0,1,0
1,150000,150000,5,46,0,2,9,9,0,1,178734.21,157000,1.19,1,0,0,1,0
1,75000,57286.26,2,42,0,4,5,10,1,1,108718.51,97450,1.45,1,0,0,1,0
0,200000,24015.33,5,40,0,2,16,9,0,1,326848.46,200000,1.63,1,0,0,1,0
1,80000,41504.42,7,41,0,3,7,9,1,1,130306.74,30000,1.63,1,0,0,0,1
1,100000,100000,7,26,0,2,4,3,0,0,149119.57,84200,1.49,1,0,0,1,0
1,150000,122194.73,5,36,0,2,11,5,1,1,200909.76,151083.33,1.34,1,0,0,1,0
1,300000,300000,12,39,0,2,9,8,0,0,350247.07,270000,1.17,1,0,0,0,1
1,150000,68420.27,4,41,1,4,33,8,1,1,163421.44,109167,1.09,1,0,0,1,0
1,50000,50000,7,34,0,1,6,6,1,1,103670.78,20000,2.07,1,0,0,0,1
1,150000,29943.43,6,50,1,3,21,4,1,1,151432.78,1155000,1.01,1,0,0,1,0
1,200000,200000,5,47,0,2,42,10,1,1,219407.08,216000,1.1,1,0,0,1,0
1,50000,22806.72,28,61,0,2,34,20,1,1,65987.82,50000,1.32,1,0,0,0,1
1,200000,124466.82,10,46,0,4,12,7,1,1,322553.94,257783.33,1.61,1,0,0,1,0
1,100000,76381.68,7,41,0,2,13,13,1,1,135107.66,88000,1.35,1,0,0,1,0
1,150000,127270.62,9,59,0,2,21,19,1,0,193701.39,163000,1.29,1,0,0,1,0
1,200000,114629.39,10,57,1,1,11,8,1,1,231002.97,215000,1.16,1,0,0,0,1
1,150000,101857.76,11,37,1,1,6,5,0,1,155133.7,135000,1.03,1,0,0,0,1
1,200000,152763.4,19,65,0,2,65,16,1,1,203228.88,200000,1.02,1,0,0,0,1
1,100000,100000,4,40,0,3,15,5,1,0,114945.27,230000,1.15,1,0,0,0,1
1,150000,114572.56,7,44,0,0,18,5,1,1,188609.75,214500,1.26,1,0,0,1,0
1,200000,200000,14,53,0,2,13,4,1,1,283312.29,195000,1.42,1,0,0,1,0
1,100000,26094.3,3,49,0,4,15,15,1,1,169458.98,85000,1.69,1,0,0,1,0
1,80000,41504.42,13,56,0,4,5,8,1,1,126575.93,40000,1.58,1,0,0,1,0
1,80000,80000,3,37,0,3,5,3,1,1,81024.87,190000,1.01,1,0,0,0,1
1,80000,36490.76,5,46,0,3,9,9,1,0,117193.12,55000,1.46,1,0,0,1,0
1,300000,254541.21,8,32,1,2,21,7,1,0,389493.87,270000,1.3,1,0,0,0,1
1,300000,244389.46,5,46,0,1,44,10,1,0,317572.68,250000,1.06,1,0,0,1,0
1,300000,300000,21,61,1,4,58,14,1,1,388441.24,300000,1.29,1,0,0,1,0
1,200000,152763.4,6,40,1,1,9,8,1,0,244404.11,215000,1.22,1,0,0,1,0
1,300000,145949.17,12,39,1,5,20,18,1,0,376376.17,300000,1.25,1,0,0,1,0
1,100000,57314.69,8,41,0,3,8,4,0,1,115694.72,100000,1.16,1,0,0,1,0
1,60000,40743.09,22,34,0,4,10,6,0,0,63548.26,63000,1.06,1,0,0,1,0
1,100000,45613.44,8,42,1,0,7,6,0,0,125285.1,128514.53,1.25,1,0,0,1,0
1,50000,50000,6,42,0,3,40,17,1,0,54407.15,40000,1.09,1,0,0,1,0
1,150000,101857.76,2,51,0,3,9,11,1,0,202864.95,50000,1.35,1,0,0,1,0
1,200000,74364.59,4,52,0,3,25,20,1,1,203741.31,145000,1.02,1,0,0,0,1
1,70000,26027.61,24,42,0,3,13,23,1,1,80423.78,70000,1.15,1,0,0,0,1
1,80000,61105.35,34,59,0,1,56,26,1,0,82562.02,80000,1.03,1,0,0,1,0
1,300000,254541.21,11,42,1,4,30,16,1,1,805063.89,110000,2.68,1,0,0,1,0
1,180000,57658.84,5,28,1,3,7,4,0,0,219551.72,70325,1.22,1,0,0,1,0
1,100000,67905.15,3,32,1,3,9,3,1,1,167833.78,70325,1.68,1,0,0,0,1
0,28437.26,18503.87,1,45,0,3,13,13,1,1,52851.77,70325,1.86,1,0,0,0,1
1,200000,169694.16,4,46,0,4,19,19,0,1,1028242.4,300000,5.14,1,0,0,1,0
0,103347.42,49193.81,1,41,1,5,4,16,0,1,436509.41,200000,4.22,1,0,0,1,0
1,100000,44513.59,2,33,1,2,11,4,1,0,195788.2,70325,1.96,1,0,0,1,0
1,150000,115589.28,1,44,0,3,8,3,1,0,295327.14,300000,1.97,1,0,0,0,1
0,50000,25047.04,1,37,0,4,31,5,1,1,117620.04,100000,2.35,1,0,0,0,1
1,200000,169694.16,4,38,0,2,11,10,1,0,1001277.28,300000,5.01,1,0,0,1,0
1,200000,26802,20,47,0,1,26,26,1,0,293076.13,20000,1.47,1,0,0,0,1
1,50000,50000,2,29,0,1,7,7,0,1,157265.72,191333.33,3.15,1,0,0,0,1
1,100000,84847.06,12,48,1,3,48,34,1,1,242831.12,30000,2.43,1,0,0,0,1
1,100000,35904.3,2,39,0,2,10,10,1,1,276261.51,97400,2.76,1,0,0,1,0
1,100000,8825.49,2,45,1,0,45,14,1,1,102710.51,179100,1.03,1,0,0,1,0
1,80000,80000,2,40,1,3,5,5,0,1,126002.07,75000,1.58,1,0,0,1,0
1,200000,161942.32,6,49,1,2,29,8,1,1,223555.53,1080000,1.12,1,0,0,1,0
1,150000,48049.06,2,33,1,1,13,4,1,1,259623.38,90000,1.73,1,0,0,1,0
1,140000,118434.48,3,31,0,2,11,3,0,0,230680.26,2000000,1.65,1,0,0,1,0
1,150000,103691.62,6,48,1,1,17,17,1,1,168973.11,80000,1.13,1,0,0,1,0
1,150000,127270.62,7,47,1,5,11,4,0,1,248289.61,70325,1.66,1,0,0,1,0
1,150000,123551.68,9,39,0,1,18,4,1,1,216894.77,96000,1.45,1,0,0,1,0
1,100000,69127.71,2,55,0,1,5,10,1,1,170105.09,22500,1.7,1,0,0,0,1
1,60000,46033,4,34,0,2,12,12,1,1,98913.6,70325,1.65,1,0,0,0,1
1,100000,19962.18,2,58,0,3,33,20,1,1,168447.87,1000000,1.68,1,0,0,0,1
0,35957.84,13062.04,1,51,0,2,21,11,1,1,187153.12,240000,5.2,1,0,0,0,1
0,80000,25179.14,3,43,0,2,6,5,1,1,511252.5,250200,6.39,1,0,0,1,0
0,100000,17846.78,2,32,1,3,21,4,0,1,467568.7,30000,4.68,1,0,0,1,0
1,200000,200000,5,60,0,1,59,10,1,1,292327.51,200000,1.46,1,0,0,1,0
1,300000,94732.04,8,39,0,0,10,3,1,1,373960.25,350000,1.25,1,0,0,0,1
1,150000,127270.62,22,39,1,5,16,8,0,1,369927.82,170000,2.47,1,0,0,1,0
1,150000,133031.4,3,46,0,2,20,5,1,1,386766.25,300000,2.58,1,0,0,1,0
1,200000,200000,10,53,0,2,18,12,1,0,236378.18,70325,1.18,1,0,0,1,0
1,100000,55844.92,6,31,0,2,12,8,1,1,302110.39,140000,3.02,1,0,0,0,1
1,180000,41045.93,6,59,0,3,33,22,1,1,356693.14,150000,1.98,1,0,0,1,0
1,200000,200000,6,39,0,2,32,3,1,1,1022346.76,99300,5.11,1,0,0,1,0
0,50000,22791.32,1,30,0,0,3,2,1,0,238816.93,146691,4.78,1,0,0,1,0
0,60000,43860.74,3,44,0,5,43,8,1,0,372098.2,70325,6.2,1,0,0,0,1
0,150000,123269.15,2,32,0,5,15,6,1,0,568898.95,692000,3.79,1,0,0,1,0
1,250000,78943.33,8,31,1,2,30,9,1,1,291906.32,250000,1.17,1,0,0,0,1
1,70000,34054.78,2,43,0,3,11,6,1,0,207857.52,53450.67,2.97,1,0,0,1,0
0,120000,74889.67,6,40,0,1,12,11,0,1,307126.17,300000,2.56,1,0,0,1,0
1,170000,53681.4,7,36,0,2,16,9,1,1,260764.2,101100,1.53,1,0,0,0,1
0,80000,19793.87,1,41,1,1,19,5,1,1,145457.69,324000,1.82,1,0,0,0,1
0,29950.58,28204.7,4,38,0,2,18,18,0,0,79540.37,70325,2.66,1,0,0,0,1
1,120000,82953.3,5,48,0,3,7,4,1,1,268194.27,117500,2.23,1,0,0,0,1
1,100000,56953.79,2,51,0,2,13,4,1,1,301595.27,130000,3.02,1,0,0,0,1
1,150000,127270.62,1,26,0,2,26,4,1,1,617209.38,473833.33,4.11,1,0,0,1,0
1,20334.07,20334.07,3,31,0,1,30,13,0,1,406171.5,580000,19.97,1,0,0,0,1
0,99958.2,95794.84,3,40,1,3,35,12,1,0,341586.53,86000,3.42,1,0,0,1,0
1,150000,77820.87,3,34,1,0,2,7,1,1,332438.36,85000,2.22,1,0,0,1,0
1,50000,43682.21,2,45,0,3,25,25,1,0,69994.61,70325,1.4,1,0,1,0,0
0,30000,19236.53,1,50,0,2,17,17,1,1,63540.82,70325,2.12,1,0,1,0,0
0,45000,28956.49,2,54,0,2,54,20,1,1,69276.48,70325,1.54,1,0,1,0,0
0,60000,26486.05,2,55,0,0,54,20,0,1,166789.57,70325,2.78,1,0,1,0,0
1,30000,19688.86,1,29,0,1,15,5,0,0,59925.3,11733.33,2,1,0,1,0,0
0,50000,14751.56,2,41,0,2,15,20,0,0,128105.09,70325,2.56,1,0,1,0,0
1,50000,6532.67,2,49,0,3,16,16,1,1,125176.15,70325,2.5,1,0,1,0,0
0,30000,2947.38,1,48,1,1,48,10,1,1,55795.02,70325,1.86,1,0,1,0,0
0,30000,17603.88,1,35,0,2,24,5,1,1,85025,70325,2.83,1,0,1,0,0
1,50000,31297.61,2,26,0,0,6,7,0,0,50303.76,70325,1.01,1,0,1,0,0
1,40000,21414.68,2,55,0,2,20,20,1,1,133063.26,70325,3.33,1,0,1,0,0
1,45000,32507.79,2,43,1,1,4,3,0,0,124827.9,10266.67,2.77,1,0,1,0,0
0,25000,13780.72,1,44,0,3,18,10,1,1,53080.06,70325,2.12,1,0,1,0,0
0,30000,10642.81,1,35,0,0,35,10,1,0,61141.41,70325,2.04,1,0,1,0,0
0,100000,25121.36,1,52,0,5,1,6,0,1,117358.81,70325,1.17,1,0,1,0,0
0,30000,5402.44,1,42,0,2,23,5,0,0,40393.9,70325,1.35,1,0,1,0,0
0,30000,1120,1,52,0,2,24,24,1,0,55825.55,75000,1.86,1,0,1,0,0
0,45000,24104.6,2,43,0,3,43,24,1,0,144436.54,70325,3.21,1,0,1,0,0
0,150000,28303.66,1,54,0,1,54,15,1,0,196818.59,70325,1.31,1,0,1,0,0
0,45000,35469.29,2,39,0,1,3,12,1,1,91846.69,70325,2.04,1,0,1,0,0
0,30000,14023.75,1,33,0,2,13,7,1,0,50413.17,70325,1.68,1,0,1,0,0
1,90000,63040.55,2,42,0,1,6,13,1,0,194134.64,70325,2.16,1,0,1,0,0
0,80000,29140.07,1,60,0,3,4,4,1,1,117623.28,591200,1.47,1,0,1,0,0
0,30000,17315.93,1,46,0,2,19,2,1,1,37117.82,70325,1.24,1,0,1,0,0
0,40000,16123.87,1,45,0,2,13,13,1,0,100279.39,70325,2.51,1,0,1,0,0
0,30000,5904.82,1,28,1,0,15,12,1,0,50145.07,70325,1.67,1,0,1,0,0
0,40000,22096.33,2,60,0,0,60,4,0,0,144504.24,70325,3.61,1,0,1,0,0
1,50000,36119.83,1,45,1,1,3,3,1,0,91384.99,51000,1.83,1,0,1,0,0
0,30000,6929.8,1,42,0,5,20,20,1,0,126946.42,70325,4.23,1,0,1,0,0
1,100000,21112.75,1,48,0,4,20,20,1,1,354324.98,105000,3.54,1,0,1,0,0
1,100000,54435.27,2,47,0,4,7,12,1,0,174956.36,70325,1.75,1,0,1,0,0
1,100000,61922.31,2,43,0,3,11,3,1,1,153047.17,70325,1.53,1,0,1,0,0
1,75000,22833.19,1,35,1,2,15,1.6,1,1,104824.94,70325,1.4,1,0,1,0,0
0,150000,51540.94,1,49,0,0,14,3,1,1,379779.22,103200,2.53,1,0,1,0,0
1,30000,11523.4,1,35,0,0,34,12,0,1,72077.61,70325,2.4,1,0,1,0,0
1,40000,32088.22,1,47,0,1,13,16,1,0,62599.02,58000,1.56,1,0,1,0,0
0,30000,25624.38,1,43,0,2,42,4,1,1,99729.55,51200,3.32,1,0,1,0,0
0,50000,29209.4,2,50,0,2,50,20,1,1,80070.58,70325,1.6,1,0,1,0,0
1,30000,30000,1,39,0,2,7,6,0,1,30322.08,70325,1.01,1,0,1,0,0
1,75000,66055.76,2,28,0,2,17,2,1,1,356974.94,200000,4.76,1,0,1,0,0
1,30000,10818.06,1,46,0,3,22,6,1,1,78033.73,70325,2.6,1,0,1,0,0
1,50000,46136.48,3,43,0,2,43,2,0,0,148797.93,70325,2.98,1,0,1,0,0
0,150000,103991.97,2,34,0,2,34,6,1,0,343606.4,89250,2.29,1,0,1,0,0
0,30000,6737.49,1,38,1,0,38,11,0,0,171112.56,40000,5.7,1,0,1,0,0
1,100000,100000,2,45,1,5,8,11,0,0,500107.61,70325,5,1,0,1,0,0
1,30000,22233.03,1,45,0,3,15,20,0,1,96985.74,70325,3.23,1,0,1,0,0
0,30000,13247.98,1,38,0,4,38,4,1,1,59304.3,70325,1.98,1,0,1,0,0
1,50000,27670.72,1,55,0,3,1,9,0,1,101748.95,70325,2.03,1,0,1,0,0
0,40000,24343.52,2,47,0,1,47,13,1,0,55802.6,70325,1.4,1,0,1,0,0
1,60000,31755.34,1,58,0,3,20,43,1,0,153145.42,95000,2.55,1,0,1,0,0
1,30000,10104.29,1,46,1,1,12,17,0,0,72588.24,70325,2.42,1,0,1,0,0
1,40000,40000,1,53,1,6,20,16,1,1,142141.15,25000,3.55,1,0,1,0,0
1,30000,30000,1,40,0,5,12,12,0,1,30215.34,70325,1.01,1,0,1,0,0
0,30000,971.03,1,60,0,0,60,4,1,1,170574.13,20000,5.69,1,0,1,0,0
0,50000,37223.66,2,47,0,1,5,5,1,1,117606.06,70325,2.35,1,0,1,0,0
1,30000,30000,1,39,0,3,7,15,0,0,34054.01,70325,1.14,1,0,1,0,0
0,50000,27465.33,2,58,0,4,58,11,1,0,378808.14,70325,7.58,1,0,1,0,0
0,25000,12879.55,1,60,0,2,4,2,1,1,87245.83,54400,3.49,1,0,1,0,0
0,150000,117076.53,1,39,0,0,31,26,0,0,343140.53,122000,2.29,1,0,1,0,0
1,100000,56191.71,2,41,0,3,40,15,0,1,184830.38,46500,1.85,1,0,1,0,0
0,100000,23911.21,1,58,0,1,28,27,1,1,361227.95,1024000,3.61,1,0,1,0,0
0,50000,30314.3,1,58,1,3,58,15,1,1,83889.9,70325,1.68,1,0,1,0,0
0,25000,13052.15,1,54,0,4,27,5,1,1,64512.51,70325,2.58,1,0,1,0,0
0,45000,23331.27,2,44,0,3,25,3,0,1,57309.82,70325,1.27,1,0,1,0,0
0,30000,16391.19,1,37,0,4,6,12,0,1,52578.82,70325,1.75,1,0,1,0,0
0,30000,26422.4,1,36,1,2,7,2,0,0,51666.36,50000,1.72,1,0,1,0,0
0,30000,7887.47,1,58,1,2,39,4,0,1,85489.06,70325,2.85,1,0,1,0,0
0,60000,15424.84,4,25,0,0,15,3,0,1,100896.29,50000,1.68,1,0,0,0,1
0,120000,4755.23,2,40,1,1,3,3,0,1,229408.29,38500,1.91,1,0,0,1,0
0,21262.7,9204.9,1,33,0,1,3,3,0,0,153047.17,70325,2.240982058545798,1,0,0,0,1
0,44666.81,38477.91,1,37,1,2,35,24,1,0,154975.41,40733.33,3.47,1,0,0,1,0
0,80000,8939.35,1,32,1,1,4,4,0,1,199272.41,200000,2.49,1,0,0,1,0
0,40000,10170.1,1,53,1,1,6,7,0,0,74483.68,93000,1.86,1,0,0,0,1
0,30000,3591.81,1,34,0,4,3,3,0,0,153047.17,70325,2.240982058545798,1,0,0,0,1
0,180438.73,145208.51,10,38,0,3,17,16,1,1,953929.85,200000,5.29,1,0,0,0,1
0,70000,17399.57,1,52,1,5,6,22,1,0,181900.4,122500,2.6,1,0,0,0,1
0,50168.23,12166.88,4,52,1,0,3,8,0,0,153047.17,109392.84,2.240982058545798,1,0,0,1,0
0,40000,25423.07,1,35,0,2,3,3,0,0,153047.17,70325,2.240982058545798,1,0,0,0,1
0,30000,92.16,1,50,1,5,29,4,0,1,32320.07,70325,1.08,1,0,0,0,1
0,50000,5835.95,1,52,0,4,20,20,1,1,61813.75,70325,1.24,1,0,0,0,1
0,50000,44530.44,1,44,0,1,3,3,1,0,92802.38,67810,1.86,1,0,0,0,1
0,100000,67578.69,1,54,1,3,10,4,0,0,159455.52,70325,1.59,1,0,0,1,0
0,100000,1147.9,1,36,0,2,3,3,0,1,153047.17,70325,2.240982058545798,1,0,0,0,1
0,30000,13023.76,1,31,1,1,20,10,0,1,62965.51,70325,2.1,1,0,0,0,1
0,40000,10390.82,1,39,0,1,8,7,0,1,48255.48,70325,1.21,1,0,0,0,1
0,200000,30209.03,6,57,1,1,14,14,0,0,553308.68,200000,2.77,1,0,0,0,1
0,50000,25568.83,1,37,0,3,3,3,0,1,153047.17,70325,2.240982058545798,1,0,0,0,1
0,30000,7536.8,1,31,0,1,28,3,0,0,40388.4,40000,1.35,1,0,0,0,1
0,42292.82,8126.48,2,54,0,5,12,12,1,0,212713.3,50000,5.03,1,0,0,0,1
0,19137.93,9768.02,3,38,0,0,3,3,0,0,153047.17,70325,2.240982058545798,1,0,0,0,1
0,50000,19153.19,1,39,0,1,5,5,0,1,153047.17,70325,2.240982058545798,1,0,0,0,1
0,20000,12944.07,1,40,0,2,5,4,0,0,30159.04,70325,1.51,1,0,0,0,1
0,120000,100918.44,7,42,0,3,11,7,1,1,247246.7,70000,2.06,1,0,0,1,0
0,35033.7,24131.98,9,40,0,2,5,4,0,0,153047.17,70325,2.240982058545798,1,0,0,0,1
0,35237.8,5557.49,2,46,0,2,14,4,1,1,76608.74,70325,2.17,1,0,0,1,0
0,50000,4048.02,9,42,0,2,37,3,1,1,173042.59,287000,3.46,1,0,0,1,0
0,30000,6142.03,5,56,0,3,16,6,0,1,68590.46,70325,2.29,1,0,0,0,1
0,98331.01,86360.28,7,60,0,2,11,11,0,0,444571.71,150000,4.52,1,0,0,1,0
0,163617.33,93779.7,5,26,0,3,6,5,0,0,0,70325,2.240982058545798,1,0,0,0,1
0,37881.24,33640.44,5,26,0,5,6,8,0,0,153047.17,70325,2.240982058545798,1,0,0,0,1
0,300000,72768.46,9,50,1,1,10,6,0,1,153047.17,70325,2.240982058545798,1,0,0,1,0
0,15206.54,8050.86,9,50,0,1,10,5,0,1,153047.17,70325,2.240982058545798,1,0,0,0,1
0,23245.48,2056.28,2,50,0,1,15,8,0,1,153047.17,70325,2.240982058545798,1,0,0,0,1
0,53762.64,25531.14,3,50,0,2,15,8,0,1,153047.17,70325,2.240982058545798,1,0,0,0,1
0,30000,6781.95,1,29,0,1,16,9,0,1,153047.17,70325,2.240982058545798,1,0,0,0,1
0,19887.77,6123.52,1,29,0,2,12,4,0,1,153047.17,70325,2.240982058545798,1,0,0,0,1
0,30000,17266.25,1,39,1,2,12,5,0,1,153047.17,70325,2.240982058545798,1,0,0,0,1
0,30000,20364.64,1,46,0,1,29,22,1,0,59270.45,70325,1.98,1,0,0,0,1
0,45272.05,39358.41,1,39,0,2,12,6,0,1,153047.17,70325,2.240982058545798,1,0,0,0,1
0,90000,60009.99,2,50,0,2,14,8,0,1,153047.17,70325,2.240982058545798,1,0,0,0,1
0,130308.95,100070.92,3,50,1,2,11,9,0,1,153047.17,70325,2.240982058545798,1,0,0,0,1
0,23364.75,12997.09,12,51,0,3,0.4,18,0,1,166828.01,350000,7.14,1,0,0,0,1
0,150000,29658.92,1,45,0,3,45,12,1,1,595406.36,70325,3.97,1,0,0,1,0
0,40000,8364.61,1,45,0,3,20,8,1,1,153047.17,70325,2.240982058545798,1,0,0,0,1
0,50000,15496.41,14,42,0,5,10,10,0,1,147031.16,35000,2.94,1,0,0,0,1
0,140000,12027.42,6,52,0,3,27,20,1,0,153047.17,70325,2.240982058545798,1,0,0,1,0
0,30000,12206.35,1,26,1,1,20,2,1,0,151362.87,25000,5.05,1,0,0,0,1
0,50000,4977.79,8,48,0,2,15,6,0,1,98703.13,70325,1.97,1,0,0,0,1
0,150172.31,142280.49,10,47,0,4,21,21,0,1,549596.12,144000,3.66,1,0,0,0,1
0,15245.28,12014.43,6,38,1,0,35,5,0,0,61457.16,20000,4.03,1,0,0,0,1
0,93146.24,58128.2,3,43,1,2,11,10,1,1,396899.14,500000,4.26,1,0,0,1,0
0,50000,19202.06,2,44,1,3,40,3,1,0,70015.2,70325,1.4,1,0,0,0,1
0,30000,507.91,2,39,0,2,12,10,0,0,153047.17,70325,2.240982058545798,1,0,0,0,1
0,30248.61,29235,1,42,0,5,39,9,1,1,155161.87,70325,5.13,1,0,0,0,1
0,100000,76158.55,1,44,0,2,3,8,0,1,128387.04,100000,1.28,1,0,0,1,0
0,49065.32,41464.3,1,29,0,0,11,10,0,0,153047.17,70325,2.240982058545798,1,0,0,0,1
0,21262.55,8561.63,2,29,1,1,9,11,0,0,153047.17,70325,2.240982058545798,1,0,0,0,1
0,39250.31,24711.94,2,30,0,1,2,10,0,0,153047.17,70325,2.240982058545798,1,0,0,0,1
0,42423.62,34549.93,2,31,0,0,2,10,0,0,153047.17,70325,2.240982058545798,1,0,0,0,1
0,150000,20149.97,1,39,1,0,3,3,0,0,153047.17,70325,2.240982058545798,1,0,0,0,1
0,240645.25,110890.74,4,31,0,0,5,5,1,1,387691.19,100000,1.61,1,0,0,1,0
0,100000,28430.26,2,52,0,3,12,5,1,1,754034.2,35000,7.54,1,0,0,1,0
0,77552.33,56130.32,1,43,1,2,43,12,1,1,303243.03,589966.63,3.91,1,0,0,1,0
0,50000,12482.84,6,45,0,0,3,4,0,0,153047.17,70325,2.240982058545798,1,0,0,0,1
0,62544.14,61048.84,1,40,0,0,3,5,0,0,153047.17,70325,2.240982058545798,1,0,0,0,1
0,55243.15,24853.52,2,39,1,1,4,9,0,1,153047.17,70325,2.240982058545798,1,0,0,0,1
0,40000,31773.92,4,45,0,2,4,6,0,1,153047.17,70325,2.240982058545798,1,0,0,0,1
0,36495,27401.69,5,45,0,3,5,7,0,1,153047.17,70325,2.240982058545798,1,0,0,0,1
0,33432.6,21331.32,1,45,0,1,5,8,0,1,153047.17,70325,2.240982058545798,1,0,0,0,1
0,97090.43,78587.24,9,50,1,4,9,9,0,1,153047.17,70325,2.240982058545798,1,0,0,0,1
0,50000,37043.92,1,39,0,2,10,10,0,0,153047.17,70325,2.240982058545798,1,0,0,0,1
0,30000,16928.07,2,38,0,1,10,11,0,0,153047.17,70325,2.240982058545798,1,0,0,0,1
0,95313.03,52758.54,2,39,1,1,19,12,0,0,153047.17,70325,2.240982058545798,1,0,0,0,1
0,60000,7287.4,2,40,0,1,2,13,0,0,153047.17,70325,2.240982058545798,1,0,0,0,1
0,33941.1,20603.11,1,33,1,1,5,4,0,0,153047.17,70325,2.240982058545798,1,0,0,0,1
0,50000,26221.03,1,33,1,2,5,12,0,0,153047.17,70325,2.240982058545798,1,0,0,0,1
0,35970.98,29385.74,2,39,0,1,5,3,0,0,153047.17,70325,2.240982058545798,1,0,0,0,1
0,170000,95839.8,2,36,0,2,5,3,0,0,0,70325,2.240982058545798,1,0,0,0,1
0,131004.95,69921.91,5,40,0,1,5,3,0,0,153047.17,70325,2.240982058545798,1,0,0,0,1
0,50000,662.5,2,49,0,1,6,4,1,0,153047.17,70325,2.240982058545798,1,0,0,0,1
0,50000,41816.32,1,39,0,1,6,3,1,0,153047.17,70325,2.240982058545798,1,0,0,0,1
0,75677.68,69297.42,2,38,0,2,4,4,1,0,153047.17,70325,2.240982058545798,1,0,0,0,1
0,50000,40629.13,1,39,0,3,2,5,0,0,153047.17,70325,2.240982058545798,1,0,0,0,1
0,17354.89,3840.18,1,40,0,1,3,6,0,0,153047.17,70325,2.240982058545798,1,0,0,0,1
0,8710.43,2533.81,1,41,0,1,4,4,0,0,153047.17,70325,2.240982058545798,1,0,0,0,1
0,160000,52250.97,10,29,0,2,5,10,0,0,153047.17,70325,2.240982058545798,1,0,0,0,1
0,100000,64283.41,10,28,1,2,2,2,0,0,153047.17,70325,2.240982058545798,1,0,0,0,1
0,72763.78,47756.79,4,47,0,2,3,3,1,0,153047.17,70325,2.240982058545798,1,0,0,0,1
0,113539.63,37405.14,5,52,1,2,5,4,0,0,153047.17,70325,2.240982058545798,1,0,0,0,1
0,50000,23179.63,1,25,1,2,5,5,0,0,153047.17,70325,2.240982058545798,1,0,0,0,1
0,46835.65,46835.65,1,42,0,2,12,7,1,1,139668.53,100000,2.98,1,0,0,0,1
0,21904.3,15380.35,2,58,0,1,13,13,0,1,45649.62,70325,2.08,1,0,0,0,1
0,30000,10331.8,1,29,0,2,24,8,0,0,49433.35,20000,1.65,1,0,0,0,1
0,124858.87,102001.49,9,57,0,2,31,31,1,1,277342.48,70325,2.22,1,0,0,0,1
0,50000,27522.86,2,46,0,2,7,7,1,0,119088.86,70325,2.38,1,0,0,0,1
0,60000,23900.98,2,39,1,1,6,6,0,1,145572.24,70325,2.43,1,0,0,0,1
0,30000,1934.39,3,59,0,0,12,12,1,0,62406.77,70325,2.08,1,0,0,0,1
0,30000,4638.33,1,46,0,2,15,15,0,0,51825.56,164350,1.73,1,0,0,0,1
0,28904.46,21944.9,10,48,1,4,13,17,0,1,116152.17,70325,4.02,1,0,0,0,1
0,25000,16233.31,1,28,0,2,7,6,1,1,25156.73,70325,1.01,1,0,0,0,1
0,60000,19942.92,4,50,1,1,12,3,0,1,74041.67,70325,1.23,1,0,0,0,1
0,50000,19582.71,1,38,0,2,12,13,0,1,112891.05,30000,2.26,1,0,0,1,0
0,35398.44,26439.75,8,44,0,5,15,10,1,1,254000.97,120000,7.18,1,0,0,0,1
0,31237.08,28097,1,34,0,3,4,3,0,1,63277.23,70325,2.03,1,0,0,0,1
0,57802.66,8542.59,2,25,0,2,6,2,1,0,153047.17,70325,2.240982058545798,1,0,0,0,1
0,40000,18719.16,2,34,0,1,5,6,0,0,77377.86,81750,1.93,1,0,0,0,1
0,89751.67,77140.03,2,31,0,0,6,6,0,1,426958.32,221666.67,4.76,1,0,0,0,1
0,20000,9189.04,1,35,0,2,10,7,0,0,37587.84,70325,1.88,1,0,0,0,1
0,50000,8908.62,1,53,0,3,22,15,1,0,68929.19,50000,1.38,1,0,0,0,1
0,28388.13,18570.13,2,34,1,3,7,7,0,1,124680.99,70325,4.39,1,0,0,1,0
0,72952.03,71658.67,9,38,0,3,6,10,0,0,153047.17,70325,2.240982058545798,1,0,0,1,0
0,50831.43,19007.55,1,54,0,1,12,24,0,0,157888.17,200000,3.11,1,0,0,0,1
0,47826.2,42263.99,1,53,0,1,7,7,0,0,196977.29,410500,4.12,1,0,0,0,1
0,30000,16934.15,2,61,0,1,7,5,0,1,48125.03,70325,1.6,1,0,0,0,1
0,19195.86,14383,3,50,0,1,11,7,1,0,39978.6,70325,2.08,1,0,0,0,1
0,30000,27171.5,1,49,0,3,8,8,1,1,65722.05,33000,2.19,1,0,0,0,1
0,27637.67,21329.96,1,45,0,3,20,6,1,0,86345.55,30000,3.12,1,0,0,0,1
0,30000,5951.9,4,42,0,3,12,8,1,1,115998.1,70325,3.87,1,0,0,0,1
0,30000,2275.48,1,33,0,4,23,10,1,1,30574.2,70325,1.02,1,0,0,0,1
0,40000,19632.32,1,38,0,1,4,10,0,0,153047.17,70325,2.240982058545798,1,0,0,0,1
0,50000,17073.64,2,42,0,2,10,11,0,0,61861.42,70325,1.24,1,0,0,0,1
0,19087.82,13943.9,2,60,0,1,10,5,1,0,85894.29,50000,4.5,1,0,0,0,1
0,30000,18781.44,1,33,0,3,15,15,0,1,84560.47,70325,2.82,1,0,0,0,1
0,50608.05,22966.18,1,37,0,4,12,14,0,0,200824.17,86666.67,3.97,1,0,0,0,1
0,20000,14501.93,1,33,0,2,6,8,0,0,32088.06,70325,1.6,1,0,0,0,1
0,150000,126220.27,1,31,1,3,17,5,0,1,351987.21,560000,2.35,1,0,0,1,0
0,47311,39839.76,3,31,1,0,31,5,0,0,128979.6,193600,2.73,1,0,0,0,1
0,71933.62,70670.65,8,55,0,2,55,12,1,1,390393.46,335383.33,5.43,1,0,0,0,1
0,30525.02,1193.24,6,42,0,1,12,12,1,0,121213.62,91150,3.97,1,0,0,0,1
0,50000,22040.32,3,39,0,1,4,10,0,0,153047.17,70325,2.240982058545798,1,0,0,0,1
0,50000,38064.72,1,51,0,4,50,21,1,1,95152.44,70325,1.9,1,0,0,0,1
0,25000,1299.31,1,42,0,3,41,5,1,1,180540.61,50000,7.22,1,0,0,0,1
0,300000,172299.84,28,39,0,0,12,5,0,1,803569.94,250000,2.68,1,0,0,1,0
0,63621.37,62954.32,2,26,1,1,4,2,0,0,153047.17,70325,2.240982058545798,1,0,0,0,1
0,97295.54,58388.6,7,41,0,4,34,10,1,1,288060.86,129950,2.96,1,0,0,1,0
0,100000,30359.73,1,38,0,3,17,10,1,1,331085.34,210800,3.31,1,0,0,1,0
0,50000,15202.91,1,36,0,2,6,2,0,1,194048.64,18400,3.88,1,0,0,0,1
0,23062.64,15914.76,3,49,1,4,18,18,1,1,130469.62,97500,5.66,1,0,0,1,0
0,16515.71,15855.82,1,53,0,2,11,6,1,1,79945.91,39000,4.84,1,0,0,0,1
0,23158.33,16563.91,1,36,0,1,5,3,0,0,153047.17,70325,2.240982058545798,1,0,0,0,1
0,90000,13763.55,3,44,1,4,8,8,1,1,93748.32,300000,1.04,1,0,0,0,1
0,112505.84,93408.29,16,64,0,1,11,6,0,1,389198.63,100000,3.46,1,0,0,1,0
0,64518.86,57116.84,2,39,0,4,34,30,1,1,204703.97,54540,3.17,1,0,0,0,1
0,120000,85080.96,3,31,0,1,9,9,0,1,226302.24,70325,1.89,1,0,0,1,0
0,32381.15,25402.77,1,32,0,2,8,6,0,0,62808.5,40000,1.94,1,0,0,0,1
0,50000,15880.94,1,47,0,2,10,3,1,0,141971.61,50000,2.84,1,0,0,0,1
0,82636.94,31615.04,6,32,0,3,20,7,0,1,117731.61,100000,1.42,1,0,0,0,1
0,5860.05,4349.22,2,48,0,4,20,18,1,1,56081.24,10000,9.57,1,0,0,0,1
0,13160.56,8735.5,2,57,0,2,35,30,1,1,33567.72,70325,2.55,1,0,0,0,1
0,21051.81,13926.57,1,50,1,5,34,2,1,1,90347.96,195000,4.29,1,0,0,0,1
0,27565.39,4201.07,1,40,0,2,17,4,1,0,54061.73,80000,1.96,1,0,0,0,1
0,100000,51639.35,3,51,1,0,7,5,0,0,667441.94,100000,6.67,1,0,0,1,0
0,80000,1,8,49,1,3,9,8,0,1,174983.9,50000,2.19,1,0,0,0,1
0,50000,1,1,26,0,2,8,8,1,1,58358.66,50000,1.17,1,0,0,0,1
0,35400.11,1,2,44,0,4,11,10,0,1,80410.81,70325,2.27,1,0,0,0,1
0,120411.58,1,13,55,0,4,20,17,0,1,327236.85,250000,2.72,1,0,0,1,0
0,30000,1,1,40,0,2,12,13,0,1,41971.07,70325,1.4,1,0,0,0,1
0,150000,1,1,53,0,1,14,7,1,1,153047.17,70325,2.240982058545798,1,0,0,0,1
0,15000,1,1,41,0,2,12,9,1,0,17813.44,70325,1.19,1,0,0,0,1
0,150000,1,3,42,1,2,15,15,0,1,225453.15,70325,1.5,1,0,0,1,0
0,70000,1,4,43,1,4,9,19,0,0,107470,70325,1.54,1,0,0,0,1
0,30000,1,1,45,0,0,11,3,1,0,30511.74,70325,1.02,1,0,0,0,1
0,7812.4,1,1,49,1,4,13,6,1,1,27963.29,70325,3.58,1,0,0,0,1
0,30000,1,1,38,0,3,3,3,0,0,36762.57,70325,1.23,1,0,0,0,1
0,230000,1,1,45,0,2,17,13,0,0,314481,70325,1.37,1,0,0,1,0
0,250000,1,4,57,0,2,20,17,0,1,341860.27,200000,1.37,1,0,0,1,0
0,50000,1,2,42,0,1,15,8,1,1,90068.83,30000,1.8,1,0,0,0,1
0,30000,1,2,54,0,5,31,21,1,1,44482.82,70325,1.48,1,0,0,0,1
0,100000,1,3,54,0,3,15,20,1,1,101216.62,70325,1.01,1,0,0,1,0
0,100000,1,2,45,0,3,6,15,0,0,168885.42,70325,1.69,1,0,0,0,1
0,53824,1,4,52,0,3,29,20,1,0,89619.42,70325,1.67,1,0,0,0,1
0,14037.01,1,1,52,0,3,13,12,1,1,58886.29,70325,4.2,1,0,0,0,1
0,30000,1,2,37,0,4,16,13,1,1,40146.12,77013,1.34,1,0,0,0,1
0,25000,1,3,46,0,2,6,6,0,1,25906.57,70325,1.04,1,0,0,0,1
0,45000,1,2,34,0,2,15,15,1,1,63390.3,70325,1.41,1,0,0,0,1
0,70000,1,3,32,1,0,3,3,0,0,236885.34,220000,3.38,1,0,0,0,1
0,60000,1,8,48,0,4,17,17,1,1,173744,225000,2.9,1,0,0,1,0
0,70000,1,2,37,0,2,30,3,1,1,71454.73,70000,1.02,1,0,0,1,0
0,30000,1,1,61,0,2,37,2,1,0,64374.22,70325,2.15,1,0,0,0,1
0,100000,1,1,42,0,0,25,14,1,0,119960.44,50000,1.2,1,0,0,0,1
0,130000,1,6,44,1,2,10,10,0,0,157630.46,130000,1.21,1,0,0,0,1
0,150000,1,2,31,1,0,5,7,0,0,224095.77,54000,1.49,1,0,0,1,0
0,300000,1,5,37,0,1,23,7,1,0,153047.17,70325,2.240982058545798,1,0,0,1,0
0,30000,1,1,41,0,4,14,7,1,1,153047.17,70325,2.240982058545798,1,0,0,0,1
0,30000,1,2,31,0,2,17,12,0,1,55993.18,70325,1.87,1,0,0,0,1
0,90000,1,15,56,0,3,19,10,1,1,236832,70325,2.63,1,0,0,0,1
0,25000,1,1,43,0,3,28,7,0,1,153047.17,70325,2.240982058545798,1,0,0,0,1
0,50000,1,1,37,1,4,9,9,0,1,90056.98,70325,1.8,1,0,0,0,1
0,30000,1,1,52,0,1,25,1,0,1,33893,70325,1.13,1,0,0,0,1
0,13150.18,1,2,49,0,3,44,10,1,1,137203,108000,10.43,1,0,0,0,1
0,21504.2,1,2,53,0,5,12,12,0,1,153047.17,70325,2.240982058545798,1,0,0,0,1
0,30000,1,1,24,0,2,24,13,0,0,32177.74,70325,1.07,1,0,0,0,1
0,80000,1,1,51,1,1,10,7,1,1,102911.27,70325,1.29,1,0,0,1,0
0,17900.04,1,5,54,0,5,16,16,1,1,45465.54,70325,2.54,1,0,0,0,1
0,60000,1,4,44,0,2,8,8,1,0,111680,70325,1.86,1,0,0,0,1
0,40000,1,1,55,0,1,55,10,1,1,34168.25,70325,0.85,1,0,0,1,0
0,100000,1,4,59,0,3,30,20,0,1,153047.17,70325,2.240982058545798,1,0,0,1,0
0,85000,1,2,49,1,1,8,3,0,0,153047.17,70325,2.240982058545798,1,0,0,0,1
0,40000,1,5,31,1,1,16,17,0,0,55072,70325,1.38,1,0,0,1,0
0,50000,1,3,45,0,2,13,3,0,0,58373,70325,1.17,1,0,0,1,0
0,70000,1,3,48,0,3,12,12,0,1,133242.06,70325,1.9,1,0,0,1,0
0,30000,1,3,38,0,3,6,5,1,0,34325,70325,1.14,1,0,0,0,1
0,40000,1,5,52,0,3,7,18,0,1,140452,0,3.51,1,0,0,0,1
0,25000,1,2,32,0,2,6,3,0,0,42960,5400,1.72,1,0,0,0,1
0,30000,1,1,33,0,2,6,3,1,1,52566.48,70325,1.75,1,0,0,0,1
0,30000,1,1,52,1,3,44,15,0,0,34827.23,70325,1.16,1,0,0,0,1
0,100000,1,2,64,0,1,31,16,1,0,161041.43,70325,1.61,1,0,0,0,1
0,20000,1,3,47,0,4,8,8,0,1,28614.7,70325,1.43,1,0,0,0,1
0,120000,1,6,62,1,4,20,20,0,1,169646.04,70325,1.41,1,0,0,1,0
0,10487.65,1,1,55,0,1,10,10,1,1,42213,15000,4.03,1,0,0,0,1
0,30000,1,1,40,0,0,12,8,1,1,70908.33,70325,2.36,1,0,0,1,0
0,200000,1,8,47,0,5,7,12,0,1,481141,70325,2.41,1,0,0,1,0
0,26790.29,1,5,52,0,3,20,20,0,1,151894,70325,5.67,1,0,0,0,1
0,50000,1,1,35,0,3,5,4,1,1,52380,25000,1.05,1,0,0,0,1
0,40000,1,11,52,0,2,12,9,0,1,77533.1,70325,1.94,1,0,0,0,1
0,50000,1,5,47,0,3,11,5,0,1,109301,70325,2.19,1,0,0,0,1
0,45785.04,1,1,51,0,3,20,8,1,0,107968,70325,2.36,1,0,0,1,0
0,85000,1,4,42,0,1,7,7,0,1,254491,70325,2.99,1,0,0,0,1
0,100000,1,1,49,0,2,21,10,1,1,127584,36000,1.28,1,0,0,1,0
0,300000,1,4,36,0,3,7,10,0,0,428488,450000,1.43,1,0,0,1,0
0,250000,1,4,56,0,1,40,25,0,1,269543.84,15400,1.08,1,0,0,1,0
0,150000,1,7,39,0,3,2,5,0,1,202777,70325,1.35,1,0,0,0,1
0,120000,1,4,56,0,1,40,25,0,1,269543.84,15400,2.25,1,0,0,1,0
0,50000,1,7,44,0,6,14,5,1,1,121037,70000,2.42,1,0,0,0,1
0,30000,1,2,48,0,4,12,7,1,1,31541.97,70325,1.05,1,0,0,1,0
0,60000,1,3,37,0,0,15,15,0,1,57824.09,70325,0.96,1,0,0,1,0
0,75000,1,1,63,0,0,10,10,1,0,154683.31,500000,2.06,1,0,0,0,1
0,100000,1,3,40,0,4,36,20,1,1,153730.08,70325,1.54,1,0,0,0,1
0,20000,1,1,52,0,3,21,7,1,0,31131.93,70325,1.56,1,0,0,0,1
0,150000,1,1,51,0,1,47,15,1,1,153047.17,70325,2.240982058545798,1,0,0,1,0
0,140000,1,8,41,0,3,35,15,0,1,141684,70325,1.01,1,0,0,0,1
0,101823.25,1,1,59,0,3,5,29,0,1,203324.51,70325,2,1,0,0,0,1
0,17203.33,1,7,35,1,0,8,8,0,0,53283.2,70325,3.1,1,0,0,0,1
0,15769.15,1,1,36,0,1,5,5,0,0,63161.27,70325,4.01,1,0,0,0,1
0,40000,1,3,54,0,3,54,20,1,0,53681.56,220000,1.34,1,0,0,0,1
0,20000,1,3,49,0,1,28,28,1,1,77513,75000,3.88,1,0,0,0,1
0,20000,1,1,53,0,3,21,7,1,0,153047.17,70325,2.240982058545798,1,0,0,0,1
0,40000,1,3,33,0,2,10,8,1,1,55681.36,70325,1.39,1,0,0,0,1
0,40000,1,4,42,0,3,20,20,1,0,193796.65,70325,4.84,1,0,0,0,1
0,100000,1,4,53,1,2,11,11,0,0,112317.15,70325,1.12,1,0,0,1,0
0,150000,1,1,57,0,1,16,5,1,0,162958.78,120000,1.09,1,0,0,0,1
0,30000,1,1,43,0,2,25,9,0,0,31364.55,70325,1.05,1,0,0,0,1
0,25000,1,4,49,0,1,30,30,0,0,30768,4000,1.23,1,0,0,0,1
0,120000,1,3,42,0,4,37,15,1,1,172283,450000,1.44,1,0,0,0,1
0,30000,1,1,48,0,4,18,18,0,1,36556.38,70325,1.22,1,0,0,1,0
0,30000,1,8,57,0,1,17,14,0,1,30730,70325,1.02,1,0,0,0,1
0,30000,1,1,35,0,4,31,4,1,1,35935,70325,1.2,1,0,0,0,1
0,70000,1,1,35,1,3,30,10,1,1,87869.29,70325,1.26,1,0,0,0,1
0,100000,1,5,61,0,3,15,11,1,0,107416,70325,1.07,1,0,0,0,1
0,30000,1,2,58,0,3,5,13,0,1,153047.17,70325,2.240982058545798,1,0,0,0,1
0,53026.94,1,10,42,0,3,5,11,0,1,266465,70325,5.03,1,0,0,1,0
0,25000,1,2,42,1,3,10,2,0,1,53114,70325,2.12,1,0,0,0,1
0,20000,1,2,45,0,5,15,15,0,1,153047.17,70325,2.240982058545798,1,0,0,0,1
0,100000,1,2,49,0,2,10,17,1,1,153047.17,70325,2.240982058545798,1,0,0,0,1
0,100000,1,5,50,0,2,9,3,0,0,153047.17,70325,2.240982058545798,1,0,0,1,0
0,15000,1,1,29,0,2,10,10,0,1,17993.73,70325,1.2,1,0,0,0,1
0,30000,1,3,53,0,1,53,15,1,0,64783.34,70325,2.16,1,0,0,0,1
0,150000,1,2,40,1,2,8,8,0,1,153047.17,70325,2.240982058545798,1,0,0,1,0
0,40000,1,1,33,0,0,10,8,0,0,44874.5,70325,1.12,1,0,0,0,1
0,50000,1,3,44,1,2,14,14,0,1,91804.38,70325,1.84,1,0,0,1,0
0,62449.5,1,7,38,0,2,11,11,1,1,159206.78,70325,2.55,1,0,0,0,1
0,60000,1,3,27,0,1,8,8,0,0,64533,70325,1.08,1,0,0,0,1
0,42044.21,1,1,45,0,2,9,15,0,0,108229,70325,2.57,1,0,0,0,1
0,80000,1,13,49,0,3,27,13,1,1,153047.17,70325,2.240982058545798,1,0,0,0,1
0,60000,1,6,54,0,1,26,3,1,0,75192,70325,1.25,1,0,0,0,1
0,50000,1,1,38,0,3,20,9,1,1,153047.17,70325,2.240982058545798,1,0,0,0,1
0,20000,1,1,65,0,2,25,11,0,0,27574.77,70325,1.38,1,0,0,0,1
0,30000,1,1,41,0,4,23,10,0,1,59576.48,70325,1.99,1,0,0,0,1
0,15000,1,2,53,0,4,30,7,0,1,10475.99,70325,0.7,1,0,0,0,1
0,48475.86,1,1,50,0,2,18,12,1,0,76319.45,70325,1.57,1,0,0,0,1
0,25000,1,1,35,0,2,12,4,0,1,33036,70325,1.32,1,0,0,0,1
0,100000,1,1,53,1,5,12,10,0,0,152617,70325,1.53,1,0,0,1,0
0,30000,1,4,46,0,5,12,12,1,0,711602.87,150000,23.72,1,0,0,1,0
0,130000,1,5,38,0,3,13,6,1,0,215315.32,320000,1.66,1,0,0,1,0
0,75000,1,3,51,0,4,12,12,0,0,136627,70325,1.82,1,0,0,0,1
0,131429.45,1,2,50,0,2,50,30,1,1,162476.35,150000,1.24,1,0,0,0,1
0,70000,1,1,52,0,3,15,15,1,1,214514.54,70325,3.06,1,0,0,1,0
0,52082.79,1,4,46,0,1,8,8,1,0,153047.17,70325,2.240982058545798,1,0,0,1,0
0,30000,1,2,52,0,1,10,7,0,0,36744.86,70325,1.22,1,0,0,0,1
0,30000,1,5,50,0,3,35,9,0,1,57195.93,70325,1.91,1,0,0,0,1
0,30000,1,2,41,0,1,9,7,1,0,52318,70325,1.74,1,0,0,0,1
0,75000,1,9,53,0,2,39,20,0,1,96409.84,70325,1.29,1,0,0,0,1
0,160000,1,3,46,0,3,9,9,1,1,221949.04,30000,1.39,1,0,0,0,1
0,25000,1,2,45,0,4,12,12,0,1,21232.11,70325,0.85,1,0,0,0,1
0,50000,1,1,42,1,4,8,9,1,1,85629.86,70325,1.71,1,0,0,1,0
0,30000,1,1,51,0,1,28,25,1,1,163746,70325,5.46,1,0,0,0,1
0,40000,1,1,32,0,3,6,5,0,0,55821.48,16000,1.4,1,0,0,0,1
0,40000,1,2,57,0,3,57,9,0,0,42975.13,70325,1.07,1,0,0,0,1
0,150000,1,2,34,0,2,5,4,0,1,195995,65000,1.31,1,0,0,1,0
0,50000,1,2,32,0,2,3,3,0,0,91231,70325,1.82,1,0,0,0,1
0,10000,1,3,50,0,5,7,7,1,0,18420,70325,1.84,1,0,0,0,1
0,50000,1,2,44,1,2,3,3,0,1,153047.17,70325,2.240982058545798,1,0,0,1,0
0,130000,1,8,36,0,2,3,20,0,1,227464.02,70325,1.75,1,0,0,0,1
0,100000,1,10,54,0,6,20,7,1,1,153047.17,70325,2.240982058545798,1,0,0,1,0
0,5146.78,1,1,52,0,3,10,3,1,1,26311.83,70325,5.11,1,0,0,0,1
0,9142.72,1,7,47,0,4,20,9,1,1,24830.35,70325,2.72,1,0,0,0,1
0,40000,1,3,43,0,2,30,10,0,1,65345,70325,1.63,1,0,0,0,1
0,90000,1,6,41,0,3,14,12,0,0,119000,70325,1.32,1,0,0,0,1
0,150000,1,3,36,0,5,19,9,0,1,270164,70325,1.8,1,0,0,1,0
0,30000,1,1,38,0,3,38,10,0,0,39848.9,70325,1.33,1,0,0,0,1
0,150000,1,2,35,0,0,4,2,0,1,288092.73,70325,1.92,1,0,0,1,0
0,80000,1,13,50,0,3,50,5,0,0,81470.98,70325,1.02,1,0,0,0,1
0,50000,1,2,49,0,4,49,7,1,0,79500,70325,1.59,1,0,0,1,0
0,100000,1,17,46,0,6,20,9,1,1,222096,38000,2.22,1,0,0,1,0
0,25000,1,2,47,0,4,12,11,0,1,26767.46,70325,1.07,1,0,0,0,1
0,300000,1,6,40,0,2,9,7,0,1,439735,70325,1.47,1,0,0,1,0
0,30000,1,1,58,0,0,29,9,1,0,76157,70325,2.54,1,0,0,0,1
0,30000,1,1,51,0,2,8,17,0,1,56248,70325,1.87,1,0,0,0,1
0,40000,1,3,36,0,1,20,11,1,1,43363.21,30000,1.08,1,0,0,0,1
0,100000,1,1,55,0,2,55,24,1,1,109702.98,70325,1.1,1,0,0,0,1
0,30000,1,1,52,1,4,9,9,1,1,154683.31,70325,5.16,1,0,0,0,1
0,60000,1,2,50,0,1,22,20,1,0,76513,70325,1.28,1,0,0,0,1
0,30000,1,1,50,0,3,23,12,0,1,44116.49,70325,1.47,1,0,0,0,1
0,40000,1,4,48,0,2,8,8,0,0,61651.1,70325,1.54,1,0,0,0,1
0,60000,1,3,37,0,1,12,8,1,1,92901.52,25000,1.55,1,0,0,0,1
0,25000,1,2,48,0,4,19,13,1,1,80821,70325,3.23,1,0,0,0,1
0,50000,1,1,56,1,4,7,6,0,1,120676.36,70325,2.41,1,0,0,1,0
0,50000,1,1,62,0,1,16,14,1,1,60677.99,70325,1.21,1,0,0,0,1
0,75000,1,2,25,1,2,25,10,0,0,150301.62,70325,2,1,0,0,1,0
0,50000,1,2,42,0,1,12,8,0,0,125194.21,70325,2.5,1,0,0,0,1
0,8640.96,1,1,53,0,3,16,16,1,1,153047.17,70325,2.240982058545798,1,0,0,0,1
0,70000,1,12,51,0,3,25,19,0,1,174000,70325,2.49,1,0,0,1,0
0,20000,1,1,42,0,3,33,9,1,1,37782.87,70325,1.89,1,0,0,0,1
0,50000,1,2,30,0,1,28,12,1,0,53727.87,70325,1.07,1,0,0,0,1
0,80000,1,3,40,0,5,39,14,1,0,214980.78,70325,2.69,1,0,0,1,0
0,70000,1,1,42,0,3,14,14,0,0,69884.13,70325,1,1,0,0,0,1
0,75000,1,5,49,0,1,20,18,0,0,83142.62,70325,1.11,1,0,0,0,1
0,80000,1,3,50,0,3,20,11,0,0,89836.59,70325,1.12,1,0,0,0,1
0,40000,1,4,43,1,4,8,8,1,1,77438,70325,1.94,1,0,0,0,1
0,100000,1,1,39,0,1,14,14,1,0,34535.82,90000,0.35,1,0,0,1,0
0,80000,1,5,42,0,0,32,5,1,0,107256.15,70325,1.34,1,0,0,0,1
0,20000,1,1,35,0,2,35,7,0,1,25000,70325,1.25,1,0,0,0,1
0,90000,1,2,34,1,1,34,8,1,0,120000,70325,1.33,1,0,0,0,1
0,70000,1,2,52,0,4,24,6,1,1,76811.46,70325,1.1,1,0,0,0,1
0,40000,1,3,51,0,2,45,19,0,1,153047.17,70325,2.240982058545798,1,0,0,0,1
0,20000,1,1,50,0,1,19,14,0,0,29000,70325,1.45,1,0,0,0,1
0,35083.95,1,1,51,0,2,25,14,0,1,73652.07,70325,2.1,1,0,0,0,1
0,50000,1,6,31,1,6,21,12,0,0,101761.35,70325,2.04,1,0,0,0,1
0,17507.17,1,2,40,1,3,15,7,0,1,108488.92,70325,6.2,1,0,0,0,1
0,30000,1,1,50,0,2,45,15,0,0,153047.17,70325,2.240982058545798,1,0,0,0,1
0,22694.96,1,3,56,0,4,38,28,1,1,41755.41,70325,1.84,1,0,0,0,1
0,20000,1,1,52,0,2,10,10,0,0,31800,70325,1.59,1,0,0,0,1
0,35000,1,2,49,0,5,20,20,0,1,41849.8,70325,1.2,1,0,0,0,1
0,30000,1,1,41,0,2,41,8,0,1,60143.47,15000,2,1,0,0,0,1
0,110000,1,10,65,0,1,64,40,1,0,304843.62,150000,2.77,1,0,0,1,0
0,60000,1,2,48,0,4,20,13,1,1,63699.78,70325,1.06,1,0,0,0,1
0,100000,1,2,47,0,1,45,16,1,1,204130,70325,2.04,1,0,0,0,1
0,65000,1,4,33,1,0,9,8,0,0,87379,70000,1.34,1,0,0,1,0
0,40000,1,3,48,1,3,22,21,1,1,44216,70325,1.11,1,0,0,0,1
0,20597.42,1,2,46,0,0,3,2,1,0,38461.29,48000,1.87,1,0,0,0,1
0,40000,1,5,39,0,3,9,17,0,1,153047.17,70325,2.240982058545798,1,0,0,0,1
0,35000,1,2,56,0,2,12,9,0,0,26111.87,70325,0.75,1,0,0,0,1
0,75000,1,1,57,1,3,17,12,1,0,130872.29,70325,1.74,1,0,0,0,1
0,60000,1,7,35,0,4,9,9,0,1,10430.68,70325,0.17,1,0,0,0,1
0,30000,1,1,53,0,1,15,15,1,0,153047.17,70325,2.240982058545798,1,0,0,0,1
0,116022.12,1,2,48,0,2,20,18,1,0,139385.17,40000,1.2,1,0,0,0,1
0,250000,1,14,52,0,4,19,19,0,1,322461,70325,1.29,1,0,0,1,0
0,40000,1,2,38,0,5,9,14,0,1,152923.83,70325,3.82,1,0,0,0,1
0,15000,1,3,52,1,0,25,19,1,0,23028.24,70325,1.54,1,0,0,0,1
0,150000,1,7,37,1,2,7,1,0,0,153047.17,70325,2.240982058545798,1,0,0,0,1
0,50000,1,1,52,0,0,3,10,0,1,153047.17,70325,2.240982058545798,1,0,0,1,0
0,60000,1,1,51,0,1,12,12,1,0,165035.5,90000,2.75,1,0,0,0,1
0,25805.02,1,2,56,1,3,10,10,1,1,70505.51,25000,2.73,1,0,0,0,1
0,34406.71,1,1,58,0,3,9,8,0,0,64272.96,70325,1.87,1,0,0,0,1
0,50000,1,1,43,0,5,18,11,1,0,85640.93,70325,1.71,1,0,0,0,1
0,35000,1,1,49,0,3,9,9,1,1,36595.11,70325,1.05,1,0,0,0,1
0,13027.14,1,1,43,0,2,43,10,1,1,30039.07,70325,2.31,1,0,0,0,1
0,55000,1,2,46,0,2,11,10,0,0,66718,70325,1.21,1,0,0,0,1
0,30000,1,1,43,0,2,10,10,1,1,33597.04,70325,1.12,1,0,0,0,1
0,100000,1,1,60,0,2,27,27,1,0,122381.76,70325,1.22,1,0,0,0,1
0,300000,1,10,56,1,4,27,27,1,1,550208.33,200000,1.83,1,0,0,1,0
0,80000,1,1,55,0,3,26,16,1,1,128181.24,70325,1.6,1,0,0,0,1
0,150000,1,7,43,0,1,24,15,1,0,245103.14,70325,1.63,1,0,0,0,1
0,10000,1,1,37,1,0,19,19,0,0,18281,70325,1.83,1,0,0,0,1
0,40000,1,2,54,0,3,8,15,0,0,54067.66,70325,1.35,1,0,0,0,1
0,100000,1,5,45,1,2,9,7,1,1,108486.85,60000,1.08,1,0,0,1,0
0,90000,1,1,43,1,0,7,7,1,0,159174,600000,1.77,1,0,0,0,1
0,100000,1,1,47,1,4,30,12,0,1,167465.13,70325,1.67,1,0,0,1,0
0,30000,1,1,54,0,3,12,12,1,1,44672.27,70325,1.49,1,0,0,0,1
0,40000,1,2,42,0,4,15,7,1,1,153047.17,70325,2.240982058545798,1,0,0,0,1
0,25000,1,1,52,0,4,40,28,1,1,153047.17,70325,2.240982058545798,1,0,0,0,1
0,100000,1,1,43,0,2,12,12,1,0,129000,51600,1.29,1,0,0,0,1
0,60000,1,1,42,0,2,9,9,1,1,63325.57,85500,1.06,1,0,0,0,1
0,50000,1,2,35,0,4,35,12,0,1,51726.12,70325,1.03,1,0,0,0,1
0,30000,1,1,50,0,3,50,20,0,1,40143.74,70325,1.34,1,0,0,0,1
0,40000,1,4,46,0,6,43,15,0,1,41493.07,70325,1.04,1,0,0,0,1
0,30000,1,3,50,0,0,12,12,0,0,32561.06,70325,1.09,1,0,0,0,1
0,120000,1,10,58,0,2,18,12,1,0,148000,70325,1.23,1,0,0,0,1
0,15000,1,1,54,0,3,16,1,0,1,27086.62,70325,1.81,1,0,0,0,1
0,60000,1,1,49,0,3,11,8,0,1,62970.81,70325,1.05,1,0,0,0,1
0,140000,1,2,45,1,2,18,15,0,0,208678.59,70325,1.49,1,0,0,1,0
0,40000,1,3,54,0,3,8,12,0,1,50786,70325,1.27,1,0,0,0,1
0,40000,1,3,59,1,2,21,7,1,1,208678.59,70325,5.22,1,0,0,0,1
0,30000,1,2,55,0,2,6,4,1,1,153047.17,70325,2.240982058545798,1,0,0,1,0
0,40000,1,1,63,1,2,27,27,1,1,68585.09,70325,1.71,1,0,0,0,1
0,210935.15,1,6,48,1,3,10,10,0,1,386927.01,70325,1.83,1,0,0,0,1
0,150000,1,3,41,0,3,14,19,1,1,176446.25,140000,1.18,1,0,0,1,0
0,50000,1,1,46,0,0,10,3,0,1,47037.1,70325,0.94,1,0,0,0,1
0,182970.75,1,7,59,0,0,21,12,1,0,305347.66,325000,1.67,1,0,0,1,0
0,50000,1,1,38,0,3,10,20,1,0,153047.17,70325,2.240982058545798,1,0,0,0,1
0,50000,1,8,45,0,3,10,11,0,1,103498.19,70325,2.07,1,0,0,0,1
0,50000,1,4,43,1,3,11,11,1,1,77775,70000,1.56,1,0,0,0,1
0,300000,1,8,32,1,2,14,4,1,0,392260,70325,1.31,1,0,0,1,0
0,300000,1,5,38,0,5,16,6,1,0,434182.56,70325,1.45,1,0,0,0,1
0,35000,1,1,51,0,2,10,8,1,1,37626.02,70325,1.08,1,0,0,0,1
0,20000,1,1,48,0,2,20,7,1,1,85244,70325,4.26,1,0,0,0,1
0,30000,1,2,62,1,0,10,4,1,0,40266,70325,1.34,1,0,0,0,1
0,250000,1,4,52,1,0,47,40,0,0,325745,5000,1.3,1,0,0,1,0
0,8601.69,1,1,49,0,2,49,1,1,0,23302.36,70325,2.71,1,0,0,0,1
0,66188.77,1,2,40,0,2,12,3,1,0,226193,70325,3.42,1,0,0,0,1
0,130000,1,5,33,0,2,10,15,0,0,133741,50000,1.03,1,0,0,1,0
0,60000,1,4,49,0,3,16,16,0,1,68130,16000,1.14,1,0,0,0,1
0,100000,1,1,47,1,2,5,15,1,1,127966,70325,1.28,1,0,0,1,0
0,80000,1,1,31,1,1,8,8,0,0,171847,70325,2.15,1,0,0,0,1
0,26431.71,1,6,39,1,2,8,4,0,1,83876,70325,3.17,1,0,0,1,0
0,60000,1,3,42,1,0,8,8,1,0,150271,70325,2.5,1,0,0,0,1
0,30000,1,1,35,0,4,16,6,1,1,42395.67,70325,1.41,1,0,0,0,1
0,30000,1,1,41,0,0,39,5,0,1,59099,70325,1.97,1,0,0,0,1
0,30000,1,5,40,1,2,36,4,0,1,48901,70325,1.63,1,0,0,0,1
0,3750,1,2,53,0,4,11,6,0,0,19856.6,70325,5.3,1,0,0,0,1
0,35000,1,1,50,0,0,3,1,0,0,25668,70325,0.73,1,0,0,0,1
0,180000,1,3,55,1,1,25,15,1,1,219391,70325,1.22,1,0,0,0,1
0,250000,1,5,33,0,1,4,10,0,0,293196.21,0,1.17,1,0,0,1,0
0,30000,1,1,44,0,3,15,3,0,1,153047.17,70325,2.240982058545798,1,0,0,0,1
0,300000,1,4,52,1,6,48,19,1,1,153047.17,70325,2.240982058545798,1,0,0,1,0
0,80000,1,1,24,0,0,3,3,1,1,34017.88,70325,0.43,1,0,0,0,1
0,25000,1,1,43,1,3,16,3,1,1,30084,70325,1.2,1,0,0,1,0
0,130000,1,1,47,0,3,47,11,0,0,138265.93,70325,1.06,1,0,1,0,0
0,100000,1,10,43,0,4,35,35,1,0,104791.36,70325,1.05,1,0,0,0,1
0,50000,1,2,41,0,3,30,25,1,1,380992.13,55000,7.62,1,0,0,0,1
0,100000,1,1,44,0,3,2,20,1,1,193052.54,58800,1.93,1,0,0,0,1
0,75000,1,1,31,1,3,24,8,1,0,153047.17,70325,2.240982058545798,1,0,0,0,1
0,100000,1,1,32,1,0,26,6,1,0,81482,200000,0.81,1,0,0,0,1
0,150000,1,1,38,0,4,6,17,0,0,457850,70325,3.05,1,0,0,1,0
0,23866.73,1,2,44,0,1,8,8,1,0,57693.7,70325,2.42,1,0,0,0,1
0,75000,1,2,39,0,5,3,3,0,1,123733.91,70325,1.65,1,0,0,0,1
0,30000,1,1,45,0,2,45,15,1,0,26943.77,70325,0.9,1,0,0,0,1
0,50000,1,2,46,0,0,7,5,0,0,55457,65000,1.11,1,0,0,0,1
0,26460.1,1,1,54,0,3,23,5,1,1,55712.46,70325,2.11,1,0,0,0,1
0,30000,1,1,50,0,2,45,4,1,1,153047.17,70325,2.240982058545798,1,0,0,1,0
0,25000,1,1,43,0,4,14,4,1,1,29925.08,70325,1.2,1,0,0,0,1
0,70000,1,1,46,0,4,2,2,1,1,88663,70325,1.27,1,0,0,0,1
0,150000,1,3,40,1,0,26,9,0,0,193859,70325,1.29,1,0,0,0,1
0,50000,1,2,46,0,5,25,8,1,1,62832.67,70325,1.26,1,0,0,0,1
0,20000,1,2,54,1,1,8,3,1,1,32359.27,70325,1.62,1,0,0,0,1
0,60000,1,3,38,0,5,20,2,1,1,123603,70325,2.06,1,0,0,1,0
0,60000,1,1,41,1,3,20,4,1,1,67012,70325,1.12,1,0,0,0,1
0,30000,1,1,45,0,2,25,19,1,0,42856.92,70325,1.43,1,0,0,0,1
0,44632.1,1,3,55,0,5,50,19,1,1,102005.65,750000,2.29,1,0,0,0,1
0,30000,1,1,30,1,2,26,2,0,0,153047.17,70325,2.240982058545798,1,0,0,1,0
0,100000,1,2,43,0,3,21,14,1,1,122253.02,70325,1.22,1,0,0,0,1
0,50000,1,2,54,0,6,29,14,0,1,71684.08,70325,1.43,1,0,0,0,1
0,30000,1,1,62,1,2,13,34,1,0,41561.17,70325,1.39,1,0,0,0,1
0,300000,1,12,44,0,2,6,10,0,0,627614,70325,2.09,1,0,0,1,0
0,240000,1,13,54,0,5,10,10,0,1,244626.11,70325,1.02,1,0,0,0,1
0,60000,1,8,44,0,4,29,9,1,1,81482.18,200000,1.36,1,0,0,0,1
0,28977.29,1,8,62,0,1,25,4,1,0,153715,70325,5.3,1,0,0,1,0
0,30000,1,7,58,1,4,9,17,0,1,69053,56000,2.3,1,0,0,0,1
0,120000,1,2,37,0,1,15,7,0,0,189549.58,70325,1.58,1,0,0,0,1
0,30000,1,1,45,0,3,45,23,0,0,39968.41,70325,1.33,1,0,0,0,1
0,25000,1,2,55,0,3,13,11,0,0,21654.28,70325,0.87,1,0,0,1,0
0,94210.11,1,2,42,0,2,42,9,1,0,137232.23,70325,1.46,1,0,0,0,1
0,100000,1,1,39,0,3,20,11,1,1,205816.28,500000,2.06,1,0,0,0,1
1,500000,384582.89,1,43,0,3,18,5,1,1,2646832,850000,5.29,0,1,0,1,0
1,800000,742886.26,2,39,1,3,12,10,1,1,1478815,920000,1.85,0,1,0,1,0
1,400000,284177.67,1,35,0,1,3,4,0,1,2446266,700000,6.12,0,1,0,1,0
1,400000,166701.72,3,40,0,1,38,4,1,1,828179,2100000,2.07,0,1,0,1,0
1,400000,226660.47,1,42,0,3,42,2,1,1,611628,670000,1.53,0,1,0,1,0
1,600000,472548.49,2,35,1,1,5,5,1,0,1355848,2000000,2.26,0,1,0,1,0
1,450000,123223.68,2,45,0,3,13,4,0,1,232177.86,424200,0.52,0,1,0,1,0
1,200000,135308.34,3,39,0,3,10,10,1,1,491214,568000,2.46,0,1,0,1,0
1,500000,447554.09,1,44,0,4,12,19,1,1,250973,752000,0.5,0,1,0,1,0
0,526160.6,509904.74,1,48,1,3,9,2,1,1,1998442,2370000,3.8,0,1,0,1,0
1,255411.15,159050.39,2,48,0,1,14,14,1,1,697536,688000,2.73,0,1,0,1,0
1,500000,176610.87,2,45,1,4,18,3,1,1,2489078,780000,4.98,0,1,0,1,0
1,500000,464813.97,1,47,1,2,30,3,1,1,1754831,650000,3.51,0,1,0,1,0
1,500000,233676.06,1,47,0,0,11,5,0,0,1121007,1138000,2.24,0,1,0,1,0
1,500000,389919.19,1,43,0,2,43,16,1,0,1431574,1000000,2.86,0,1,0,1,0
1,500000,170608.5,3,47,0,4,21,13,1,1,1279552,830000,2.56,0,1,0,1,0
0,211500.54,140976.27,1,51,0,3,26,4,1,0,814999,430000,3.85,0,1,0,1,0
1,500000,423201.25,2,32,1,0,31,7,1,0,2431309,2700000,4.86,0,1,0,1,0
1,600000,600000,4,61,0,1,36,36,1,0,6860243,750000,11.43,0,1,0,1,0
1,400000,371815.17,1,44,0,4,26,1,1,1,279498,1300000,0.7,0,1,0,1,0
1,1000000,928733.56,4,42,1,4,5,9,1,1,3898994,1200000,3.9,0,1,0,1,0
1,500000,386805.89,1,30,0,4,3,7,1,1,829282,1180000,1.66,0,1,0,1,0
1,500000,270438.72,2,49,1,2,15,18,1,1,1573471,950000,3.15,0,1,0,1,0
1,300000,249054.85,1,35,0,4,6,6,0,1,1203086,520000,4.01,0,1,0,1,0
1,750000,263523.03,2,44,1,3,17,7,0,0,1615250,1300000,2.15,0,1,0,1,0
1,300000,253646.94,3,43,0,1,5,5,0,1,312752,450000,1.04,0,1,0,1,0
1,600000,456321.02,9,56,0,1,14,14,1,1,1629246,1300000,2.72,0,1,0,1,0
1,500000,390290.11,1,35,0,1,7,7,1,0,2817462,2587000,5.63,0,1,0,1,0
1,500000,178356.73,2,54,0,4,7,23,1,1,2418630,1050000,4.84,0,1,0,1,0
1,500000,423074.19,2,58,0,2,45,15,1,1,1019698,1520000,2.04,0,1,0,1,0
1,400000,297491.92,1,47,0,3,20,20,1,1,1036586,840000,2.59,0,1,0,1,0
1,300000,190006.78,1,29,1,1,7,7,1,1,1906629,650000,6.36,0,1,0,1,0
1,500000,342344.51,1,25,0,3,4,4,1,1,1349913,1700000,2.7,0,1,0,1,0
1,500000,422460.78,1,25,0,3,4,4,1,1,1349913,1700000,2.7,0,1,0,1,0
1,300000,207596.58,1,39,0,1,10,8,0,0,357373,520000,1.19,0,1,0,1,0
1,300000,157170.8,3,36,1,0,3,6,1,1,1194593,1800000,3.98,0,1,0,1,0
0,226000,205922,2,54,0,2,4,5,1,1,0,550000,2.240982058545798,0,1,0,1,0
1,500000,380617.03,5,50,1,3,14,14,1,1,1092504,940000,2.19,0,1,0,1,0
1,200000,200000,2,54,1,3,13,5,0,1,588421,1160000,2.94,0,1,0,1,0
1,500000,175682.06,2,59,0,3,6,30,1,1,5691968,12800000,11.38,0,1,0,1,0
1,200000,141322.99,1,47,0,3,20,20,0,1,466887,565000,2.33,0,1,0,1,0
1,250000,172577.19,2,55,1,2,22,4,1,1,2862679,820000,11.45,0,1,0,1,0
1,500000,465808.08,3,48,0,5,22,14,1,0,2930243,840000,5.86,0,1,0,1,0
1,750000,315694.59,5,31,0,3,7,7,1,1,3484795,1212000,4.65,0,1,0,1,0
1,250000,31620.16,1,51,0,5,5,5,1,1,321688,420000,1.29,0,1,0,1,0
1,500000,268713.51,1,35,1,1,3,2,1,1,2356433,600000,4.71,0,1,0,1,0
1,700000,650676.54,1,44,0,0,10,8,1,1,3645872,1072000,5.21,0,1,0,1,0
1,700000,577175.93,2,56,0,1,11,20,1,1,1778172,1180000,2.54,0,1,0,1,0
1,400000,204944.16,4,52,0,1,37,12,1,0,1111920,700000,2.78,0,1,0,1,0
1,750000,525381.23,1,39,0,4,17,17,1,1,2771244,1010000,3.69,0,1,0,1,0
1,500000,308582.27,1,32,0,2,3,3,0,0,367401,870000,0.73,0,1,0,1,0
1,250000,177836.01,2,39,0,1,7,4,1,0,630623,590000,2.52,0,1,0,1,0
1,250000,164276.14,1,48,1,2,20,16,1,1,545171,635000,2.18,0,1,0,1,0
1,500000,430428.83,2,38,1,4,37,7,1,1,497432,1524000,0.99,0,1,0,1,0
1,300000,61393.49,1,52,0,4,20,15,1,1,520543,638000,1.74,0,1,0,1,0
1,300000,236858.62,2,56,0,4,56,18,1,1,767458,801000,2.56,0,1,0,1,0
0,300000,287408.14,1,43,0,5,43,5,1,1,507400,950000,1.69,0,1,0,1,0
1,900000,863949.27,2,39,1,3,5,5,0,1,400019,1576000,0.44,0,1,0,1,0
1,500000,89657.65,5,35,1,1,5,3,1,0,391509.47,130000,0.78,0,1,0,1,0
1,300000,84091.44,2,55,0,3,20,20,1,1,1992000,394000,6.64,0,1,0,1,0
0,400000,289555.11,2,42,0,4,40,2,1,0,1817252,953000,4.54,0,1,0,1,0
1,1000000,1000000,3,62,1,2,36,36,1,1,1854057,2238000,1.85,0,1,0,1,0
1,600000,427610.03,4,42,0,1,40,14,1,1,2279337,3100000,3.8,0,1,0,1,0
1,300000,187865.13,2,41,1,2,40,3,1,1,936040,368000,3.12,0,1,0,1,0
0,400000,319187.81,1,46,1,3,15,15,1,1,1284644,900000,3.21,0,1,0,1,0
1,800000,800000,5,38,0,1,16,10,1,1,2181743,1561000,2.73,0,1,0,1,0
0,300000,134420.68,1,45,1,3,20,3,0,1,649840,850000,2.17,0,1,0,1,0
1,300000,112769,3,48,0,4,7,16,1,1,2181609,410000,7.27,0,1,0,1,0
1,400000,343156.61,2,50,0,4,28,6,1,1,981342,650000,2.45,0,1,0,1,0
1,500000,263245.1,3,51,1,3,4,4,1,1,1551425,785000,3.1,0,1,0,1,0
1,500000,500000,1,51,1,2,24,31,1,1,1295140,1135000,2.59,0,1,0,1,0
1,500000,176225.97,3,55,1,4,20,20,1,1,5722187,980000,11.44,0,1,0,1,0
1,600000,558382.32,1,35,0,2,11,7,1,1,1204895,870000,2.01,0,1,0,1,0
1,500000,198694.83,1,55,1,3,13,18,1,1,1230372,950000,2.46,0,1,0,1,0
0,304773.23,283516.62,1,45,1,3,45,13,1,1,4939775,1050000,16.21,0,1,0,1,0
1,500000,463233.42,3,39,0,4,9,3,0,1,755488,780000,1.51,0,1,0,1,0
1,500000,76757.52,5,60,0,4,58,16,1,1,896440,953000,1.79,0,1,0,1,0
1,500000,255521.79,2,56,0,5,15,10,0,1,1983136,739000,3.97,0,1,0,1,0
1,800000,800000,1,57,0,3,16,19,1,1,3377571,1370000,4.22,0,1,0,1,0
1,400000,312975.42,3,48,0,4,15,18,1,1,536282,588000,1.34,0,1,0,1,0
1,700000,700000,5,51,0,3,23,8,1,0,1648425,1120000,2.35,0,1,0,1,0
1,500000,258449.74,1,33,0,2,10,10,1,1,2283531,848000,4.57,0,1,0,1,0
1,400000,253220.26,1,42,1,5,2,3,0,1,1202852,700000,3.01,0,1,0,1,0
1,750000,679935.85,1,46,0,1,46,13,1,0,2979339,1500000,3.97,0,1,0,1,0
1,500000,407132.5,2,42,1,3,18,5,1,1,892401,1437000,1.78,0,1,0,1,0
1,450000,344345.26,2,46,0,2,16,16,1,1,1440275,1110000,3.2,0,1,0,1,0
1,300000,190491.06,1,55,0,1,55,6,1,0,996509,450000,3.32,0,1,0,1,0
1,500000,293652.13,1,49,1,3,7,7,1,1,887814,840000,1.78,0,1,0,1,0
1,500000,261951.34,1,41,0,4,17,16,1,0,581265,500000,1.16,0,1,0,1,0
1,477140.75,407587.27,1,42,0,4,18,5,1,1,875773,953000,1.84,0,1,0,1,0
1,300000,91402.95,3,38,0,1,21,15,0,0,3145686,500000,10.49,0,1,0,1,0